seq,score,fitness_pred,htfr1_pred
LYHMDYH,0.5297032027801258,-3.2068610191345215,-1.228992223739624
YCSYHDN,0.5281055305093767,-3.7647197246551514,-0.8131603002548218
HRYYYHR,0.5537357941204094,-4.4479594230651855,0.7504634857177734
HLQAQVM,0.5122863247863247,-0.5415520668029785,-4.860535144805908
YDECAGP,0.5078308443693059,-4.006017208099365,-1.273568034172058
FWHIKMN,0.5142440358786512,-2.5021936893463135,-0.1325557976961136
LNFEAIS,0.5054455871763563,-1.5779682397842407,-3.3681790828704834
LTTRFMS,0.4993699320622397,-1.1536039113998413,-1.8566116094589233
YEDIRGY,0.501282638301869,-0.968788743019104,-1.9931371212005615
MREHKEV,0.5153016499170345,1.4546639919281006,-3.0223958492279053
CHVGHDK,0.5089784681130834,-3.389315366744995,-1.277332067489624
YSRYSNC,0.5573811871888795,-2.93935489654541,1.0059891939163208
KHDYEEF,0.509113482671175,-0.3529930114746094,-2.276867389678955
RYKSTWK,0.5040504367427444,-4.162222862243652,0.8788319230079651
MQNFIRR,0.4958595535518613,-4.438141345977783,-0.5573970079421997
HYGCNGP,0.5248651811151811,-3.254974365234375,-0.08832094073295593
ISINAPR,0.505738118718888,0.5145856142044067,-3.563474416732788
YMWAPQI,0.4852384083153314,-3.7188210487365723,1.1398377418518066
YYYEHND,0.5347437462822078,-2.4333722591400146,-1.1817442178726196
YHKAKKY,0.5423945712407251,-3.4488365650177,1.017133116722107
DFLAVHI,0.4998649854419085,-2.8157849311828613,-2.892007827758789
YNYHYRV,0.5319309429886353,-1.9555940628051758,-1.3653002977371216
MLDGAKM,0.494261881281112,0.792231559753418,-4.1646728515625
LFRNSAL,0.502520271751041,-0.28318893909454346,-2.3500194549560547
YFSKREC,0.5036228906421214,-3.565871000289917,0.5476322770118713
EKRAMMG,0.5055580993080994,-0.17793481051921844,-2.541943311691284
YHKHIEE,0.5406618844118843,1.3299975395202637,-1.885990023612976
IRTSKKN,0.5080783710591403,-3.3415160179138184,0.280388206243515
YWMSEKC,0.4937443254750947,-3.6254053115844727,1.0261003971099854
YDDEADS,0.5128938902977365,-0.45307818055152893,-3.241130828857422
YGKQSKK,0.5173043658620582,-4.027473449707031,0.11680753529071808
HLRYQAY,0.5176644046836354,-3.5694425106048584,-0.619219958782196
HCFWSKN,0.508955965686735,-5.356755256652832,1.8610725402832031
RLLHGEQ,0.5162692542500235,-0.2855524718761444,-2.559018611907959
DRYRDLL,0.5128263830186908,-1.1466878652572632,-1.9399100542068481
FAVWYWF,0.4838432578817194,-4.0804033279418945,0.7819501757621765
GRRFPAK,0.482470609874456,-4.156179904937744,0.48965325951576233
HHQAKSR,0.5363639209793055,-3.6303160190582275,0.24916115403175354
FHLHMAR,0.5213097977521054,-2.5166077613830566,-0.827312171459198
YRYASQR,0.5179344337998184,-3.6065714359283447,0.606212317943573
YNKCRNR,0.5269804091919477,-4.475278854370117,0.3703514635562897
PWFHKAN,0.5064131915093454,-2.5644679069519043,0.897346556186676
VNHKRGN,0.5343162001815848,-3.3888297080993652,-0.28041839599609375
YVEHRAG,0.5337536395228702,1.3873443603515625,-2.133833646774292
YMPHGVL,0.5027002911618297,-1.6041691303253174,-2.6349921226501465
YQTHRIF,0.5272729407344792,-1.4638683795928955,-0.8021950721740723
TYRSLTW,0.5124888466234621,-3.3379807472229004,0.22151799499988556
YHKSEVS,0.5541183353683353,1.4883654117584229,-1.9645479917526245
YKHSTIK,0.5274079552925707,-2.431910753250122,-0.4705255627632141
NHRWNRI,0.5189470429855045,-4.271618843078613,0.5105246305465698
YYPSLKK,0.4996849660311199,-3.192241907119751,-0.5609074831008911
GNTGYEG,0.5090459753921293,-0.5596325993537903,-3.3004913330078125
YWFYATL,0.501282638301869,-4.469038486480713,0.9801610708236694
YGHRWME,0.517799419241727,-1.2762281894683838,0.5448216199874878
QSQRIAN,0.517686907109984,0.7148800492286682,-4.027010440826416
YRRRKND,0.5287355984471369,-2.610537528991699,0.5603009462356567
CKHKYSR,0.5556259979336902,-4.6480207443237305,1.7399685382843018
YVRQKSY,0.5202746861400708,-2.2192530632019043,0.11323827505111694
YGLHDCK,0.521174783194014,-4.0383477210998535,-1.0591257810592651
DYLWAAN,0.4985373422873422,-4.056310653686523,-0.20148882269859314
YNRSRNN,0.5605315268776807,-2.577113151550293,-0.0373869314789772
VSHRRMN,0.5349687705456936,-3.2666077613830566,-0.49385276436805725
YYHYWKA,0.516831814908738,-2.1157891750335693,0.48135271668434143
YAPSGNS,0.5239425816348894,0.9986006617546082,-3.419351816177368
YGLSTQE,0.5169218246141323,-0.5225237011909485,-3.4386065006256104
YHTYKSA,0.5303107682915374,1.1849391460418701,-0.38008612394332886
DRLYRSR,0.5301982561597947,-4.132502555847168,0.38596799969673157
RHKDRRH,0.5169218246141323,-2.4395790100097656,-0.29333803057670593
RGRNRNA,0.5215348220155912,-3.1273739337921143,0.18513824045658112
YSYHKDP,0.5408869086753703,1.2225897312164307,-1.048193335533142
CTYMFAV,0.4924841895995742,-4.6308722496032715,0.11021671444177628
YQKSNNP,0.5444197896120974,2.2063937187194824,-2.5270285606384277
HHYPNSL,0.5181144532106071,-0.33109015226364136,-1.7149134874343872
AKRHRHT,0.523852571929495,-3.7067463397979736,0.5563825964927673
YQVQTHQ,0.5184519896058357,0.511396050453186,-3.301758289337158
YYKHSKY,0.5314358896089665,-3.6098320484161377,0.9852752089500427
AMDRYKG,0.5026102814564354,1.102718472480774,-2.071629047393799
AWKRSRT,0.5097885554616324,-3.3217759132385254,0.09266950935125351
WKTVYNN,0.4999324927209542,-0.9960461258888245,-0.535519003868103
VLEYSAT,0.5234925331079178,-0.6323110461235046,-3.5745632648468018
WNDYCFN,0.4983798253029022,-4.703683376312256,0.342536598443985
HQYYYYK,0.5306708071131148,-1.4910863637924194,-1.4937995672225952
NYPSRNN,0.5245951519989981,1.4123836755752563,-2.839651346206665
MHRMILV,0.5292531542531542,-2.7304656505584717,-1.4000300168991089
ILYVCRK,0.5034653736576814,-5.040342330932617,-0.00678603257983923
YYIAALE,0.5055806017344479,-2.8795909881591797,-0.7741454839706421
YYIHNNF,0.5337761419492189,-3.133197069168091,-0.6004038453102112
YYYWTHW,0.5073357909896371,-4.244269847869873,0.7271224856376648
YYKDPED,0.5142215334523027,-0.13549941778182983,-0.803604245185852
ENTCERC,0.5003375363952287,-3.9466476440429688,-0.2835404872894287
YGPPVSY,0.4949819589242666,-1.334669828414917,-2.118665933609009
YHPNSQK,0.5235600403869635,0.8060911893844604,-2.385564088821411
SVLLGSI,0.4951169734823581,-1.4905328750610352,-3.6526718139648438
ATSRCKP,0.5056931138661908,-4.146799564361572,-0.5292761921882629
EYKELKN,0.5265753655176733,1.005448818206787,-2.748063802719116
YRYDKEE,0.5213097977521055,-0.4174041748046875,-1.5223129987716675
YIHANKG,0.5335061128330358,1.8014816045761108,-2.8226892948150635
YNASHGM,0.5221648899533514,0.9072620868682861,-3.617377996444702
HHRLSNR,0.5540733305156382,-3.3733317852020264,1.6009318828582764
YMFFRNC,0.5021827353558123,-4.860235691070557,0.9724071621894836
GAYSGDY,0.5240775961929808,-1.840336561203003,-2.7745444774627686
YSEKSLN,0.5488527676027676,1.1718862056732178,-1.7079294919967651
YWYAKWY,0.5135464606618453,-3.6451430320739746,0.48722320795059204
YLYSYQK,0.5240325913402837,-2.2188820838928223,-0.6814277172088623
CWRDKYN,0.4970746845746845,-3.6408352851867676,0.5936562418937683
HRWSRNK,0.5404818650010957,-4.2863383293151855,1.4005566835403442
LVESDCR,0.495229485614101,-4.058122158050537,-0.9648532271385193
NSAKLPS,0.4948469443661751,1.520915150642395,-4.332372188568115
YGYSRLY,0.5429796343257882,-2.783060073852539,-0.4840833246707916
YSKNPYR,0.5322234745311668,-2.415632724761963,-0.34244272112846375
DIHMNLR,0.5224349190695344,-1.0573534965515137,-3.678307294845581
WKIYMNC,0.5026327838827839,-4.252377986907959,-0.4196803569793701
HYNESDR,0.5240100889139351,0.4830637574195862,-3.571869134902954
HGKEKYI,0.5127813781659936,0.2905939817428589,-2.0077154636383057
YSYPKLN,0.5262828339751418,0.23345549404621124,-1.3560965061187744
HRWSRNK,0.5404818650010957,-4.2863383293151855,1.4005566835403442
KKKFRAN,0.5083934050280204,-3.9313342571258545,0.95243239402771
RHHKTLA,0.5218498559844713,-2.7054293155670166,0.4247123599052429
AKFLHKK,0.5246401568516953,-4.061999797821045,1.14891517162323
ELRQGKN,0.5242351131774209,1.6407978534698486,-3.16220760345459
MHRSVGS,0.5366114476691399,0.7295517325401306,-1.5698436498641968
HHMYSSD,0.5408644062490217,-0.968212902545929,-2.5184388160705566
RWHVNLL,0.5049505337966876,-3.137298107147217,-1.0635963678359985
IYPHQLE,0.5189695454118531,-0.4412580132484436,-2.5529963970184326
TDSYWMA,0.4848333646410569,-3.412771463394165,-0.15822987258434296
QYRNSNN,0.5481326899596131,1.424086332321167,-2.1993637084960938
RLHKMDQ,0.5414494693340848,-0.7079294919967651,-0.9659106731414795
RCKNAEC,0.5080108637800945,-3.1866490840911865,-0.14880312979221344
NYLNKFN,0.5235150355342663,0.11179599165916443,-1.171141505241394
YCFKYSR,0.5391992266992267,-4.637417316436768,1.0789036750793457
HCELCQN,0.5174843852728468,-3.5620298385620117,-0.7210568785667419
NFAHRSS,0.5283080523465139,0.4420277774333954,-1.503887414932251
YEKYTML,0.5202521837137222,-1.2266862392425537,-2.330320119857788
FWAWVGN,0.4894688644688644,-3.9249062538146973,0.48555788397789
AILNVAV,0.5052655677655677,-1.4885586500167847,-4.55292272567749
NNPRFKH,0.4995274490466798,-2.395949363708496,-0.9067081212997437
AYFKNEN,0.5263728436805359,-0.22017312049865723,-1.1688772439956665
YFYLLAK,0.5052430653392191,-3.754621744155884,-0.7179237008094788
QAGCYPF,0.4898064008640932,-4.067383289337158,-0.2490687072277069
HRCSKRK,0.5221423875270029,-4.630598068237305,1.592258334159851
FHLYLAS,0.5198021351867506,-3.421159505844116,-0.4850921332836151
YRYNKLY,0.5337761419492189,-3.592233657836914,-0.2963954210281372
ICRHNLL,0.522457421495883,-4.476319789886475,0.28293538093566895
HWYRLMN,0.524280118030118,-4.487938404083252,0.9799383282661438
YHYAAND,0.546737539526001,-1.242944598197937,-1.1307504177093506
DAVSLHS,0.5122863247863247,-0.2062458097934723,-4.254701137542725
TCYEQKN,0.5184519896058357,-3.876339912414551,-1.2247681617736816
INRTGDS,0.5185645017375786,0.7265415787696838,-4.00772762298584
YHGFKVL,0.5100810870041639,-1.7128713130950928,-1.5155702829360962
YVHHRLQ,0.5448698381390689,-0.46044689416885376,0.37520137429237366
LISQKEN,0.5046129974014589,1.1670886278152466,-5.118457794189453
YAHPHNK,0.5202521837137222,-0.35948318243026733,-0.5084213614463806
SYRYTEY,0.5132539291193138,-2.8274247646331787,0.6601137518882751
YKYRRSS,0.5402343383112613,-3.964900255203247,0.8543617725372314
CDRKLKQ,0.4970296797219874,-4.6644697189331055,-0.1314104050397873
NSLHRCN,0.5293881688112457,-4.093787670135498,0.15725077688694
AQEHIMA,0.5092935020819636,-0.664617657661438,-4.902100563049316
IGYHKES,0.5392442315519238,1.4351415634155273,-2.2525391578674316
RYHKNHK,0.549257811277042,-3.035735845565796,1.542230248451233
CHGDDCV,0.5092034923765693,-4.071219444274902,-0.39505767822265625
VRYFDRH,0.5076733273848659,-2.637953996658325,0.7239233255386353
RSHYPNK,0.5123088272126735,-3.652073383331299,0.29656776785850525
ETRSGDY,0.5193745890861275,0.26356440782546997,-3.2508394718170166
QHYYSSI,0.5355538336307567,-2.9197254180908203,-0.6052809357643127
GHYWKHI,0.5045454901224132,-3.2560112476348877,1.2962738275527954
CHLSALN,0.5333710982749444,-3.81846284866333,-0.25080686807632446
QWRDVTE,0.4853284180207257,-1.4406077861785889,-1.315988302230835
IYAWKRR,0.4982898155975079,-4.620772361755371,1.0523719787597656
YHYPHKM,0.5222323972323972,-0.45244237780570984,-1.4365965127944946
YYRSINR,0.5547709057324441,-3.6895596981048584,-0.12107204645872116
YYYSGTK,0.5336861322438246,-1.9971555471420288,-0.5160773396492004
RHWSFPA,0.4881412213142982,-3.8190441131591797,1.1736375093460083
YNYENAY,0.5205672176826023,-2.273482084274292,-2.3042969703674316
AVRNCKN,0.5041179440217902,-4.2865681648254395,0.366791307926178
MARHNRK,0.519082057543596,-4.40400505065918,0.5194321870803833
SHRPWYG,0.4964671190632729,-3.3414292335510254,1.9459441900253296
YARNRES,0.5413144547759933,0.9342167973518372,-2.3366029262542725
TQVNVFM,0.5000450048526971,-2.4628193378448486,-3.0386836528778076
MGHNEER,0.517686907109984,0.5304614901542664,-3.8682565689086914
WYYRRWQ,0.5166067906452522,-4.1341094970703125,1.0076305866241455
YIHYNDD,0.5383216320716321,-2.4584262371063232,-1.4106086492538452
HTKHDNY,0.522884967596506,0.821303129196167,-1.9325056076049805
YRYHLVT,0.5220973826743057,-2.9388999938964844,-0.2023690789937973
HHKLYTW,0.5255402539056385,-2.490307331085205,-0.15822575986385345
CERGEGR,0.4956345292883754,-3.115907907485962,-0.7996921539306641
EKGHSAS,0.5092259948029179,0.6669008731842041,-3.2233145236968994
YKTKRNS,0.5152791474906859,-2.6167619228363037,0.2696932256221771
QGRRHTR,0.5144465577157885,-4.96522331237793,1.4613733291625977
RRITKTQ,0.5095185263454495,-4.403303623199463,0.7028520107269287
YHIPSNI,0.5230874894336432,-0.359452486038208,-1.98905348777771
IGNTSVR,0.4985598447136908,1.0803149938583374,-4.344915390014648
GYYWSRC,0.510666150089227,-5.184347152709961,2.5804436206817627
VRTYCNN,0.505310572618265,-3.8590075969696045,0.602623462677002
YGRTNHC,0.540841903822673,-3.555394411087036,-0.11136768758296967
WRARDNW,0.4973222112645189,-1.0359315872192383,0.10564382374286652
IHRNSLL,0.5302432610124918,-0.4244699776172638,-0.5532217025756836
YHRHDNN,0.5640194029617106,0.6559177041053772,0.09831162542104721
DYYRSSE,0.5409769183807644,-1.5783382654190063,-0.7694875597953796
YKGTSQY,0.5174393804201496,1.08939528465271,-2.3868119716644287
LHYRKHN,0.5395817679471525,-3.4756805896759033,0.9234640002250671
HTKSILN,0.5349687705456936,1.0383528470993042,-3.433138132095337
RYSVESH,0.5247751714097868,-0.010541741736233234,-2.183422088623047
LHFIYSR,0.5551084421276729,-4.65946102142334,0.13224178552627563
LVNEMNN,0.5131189145612223,-0.9958339333534241,-5.082674503326416
VQYSQKY,0.5251802150840612,-0.21966652572155,-1.4456321001052856
WHPNCRS,0.5026102814564353,-3.4386415481567383,-0.38370516896247864
YHSKYKC,0.5300182367490059,-3.9036471843719482,0.019234804436564445
YHMSSHI,0.5420120299927992,-0.6024391651153564,-1.3960742950439453
HEKHKPH,0.5126913684605993,-0.33929675817489624,-0.01587810181081295
MARCPAK,0.4963771093578786,-3.559051275253296,-1.2311367988586426
NNPRFMY,0.5011026188910804,-2.8088109493255615,-1.3162626028060913
YYDKGTK,0.5220073729689114,0.617506742477417,-1.5911777019500732
QHRSRLS,0.541381962055039,-3.9334335327148438,-0.30396199226379395
HLLRDNK,0.5206797298143452,-0.550390362739563,-1.9020113945007324
YHRCRKL,0.5409094111017188,-4.827999114990234,1.530762791633606
HHALLDV,0.5157742008703547,-1.4176968336105347,-3.3057541847229004
RLRCTQN,0.5131414169875708,-4.627586841583252,0.020028484985232353
YHRHKNE,0.5545458814689583,-0.4403476417064667,0.8076147437095642
THRSLHN,0.535486326351711,-0.121261827647686,-1.2263069152832031
IDHSYKS,0.5173493707147554,0.9167708158493042,-2.284327983856201
YLQFANR,0.5094510190664037,-1.5507534742355347,-0.8093024492263794
EGRLPCT,0.4933392818008202,-4.244153022766113,-0.6077086925506592
KLPSAFK,0.4837982530290223,-2.1037468910217285,-1.376343011856079
EKYYRNR,0.5325160060736984,-3.2096505165100098,0.937363862991333
HAVHHNA,0.5267778873548105,-0.22862116992473602,-2.7750909328460693
YDRCKVH,0.5284655693309539,-3.3794965744018555,-1.0203194618225098
IWRYPRE,0.4973672161172161,-2.793797731399536,0.49199819564819336
PWKYHDK,0.5017551892551892,-1.6577428579330444,-0.22398333251476288
NSCEQCL,0.5043204658589274,-3.952986240386963,-1.451324462890625
TMPVQNA,0.487938699477161,0.5612870454788208,-5.30861759185791
ELGDDQD,0.5033978663786356,-0.6052739024162292,-4.5999755859375
YYHYTVC,0.5257652781691243,-4.137317657470703,0.4155312478542328
YKRKNRN,0.5477726511380357,-3.139127492904663,1.2434459924697876
YYFHLCN,0.5242351131774209,-4.923849105834961,0.9305219054222107
VHSSPNK,0.5313233774772237,0.17772898077964783,-3.614199638366699
YRNHNYA,0.5314133871826179,-0.21409401297569275,-0.7060210704803467
YCACVLG,0.509000970539432,-3.9649715423583984,-0.10348042845726013
YTKSRHN,0.5514630490592028,-2.337705373764038,0.7650099992752075
YHKNMIH,0.5536682868413637,0.2509641945362091,-2.022813081741333
YHHYYRS,0.5434296828527597,-2.4085402488708496,0.6443770527839661
GHRVGCS,0.5286905935944397,-3.432565212249756,-0.11551310122013092
EYLHSIV,0.5332585861432015,-2.5250344276428223,-0.9934270977973938
YNLYEKC,0.5240325913402837,-3.701547384262085,-1.0806142091751099
KPYLGMK,0.4901664396856705,-2.4561386108398438,-0.451829731464386
DWLNNNN,0.5085284195861118,-1.4914995431900024,-2.733752965927124
HYRYNNN,0.5475926317272471,-1.9826152324676514,-0.35646021366119385
YEKRNKN,0.5403468504430042,-1.5717893838882446,0.5934404730796814
RGHDYGN,0.5143790504367427,-1.1960393190383911,-1.8351542949676514
VAQNYEN,0.5157291960176575,-0.4504891633987427,-3.8228471279144287
HHRDKDK,0.5319534454149839,-1.745599627494812,0.4006854295730591
YKQHYTI,0.5250677029523183,-0.6036314964294434,-1.5669173002243042
VRKKMHD,0.5044554804170188,-2.697835683822632,0.7444034218788147
KAYVNWK,0.4990999029460568,-3.714630365371704,0.24172423779964447
RDFLCGS,0.4884562552831784,-3.7552735805511475,-0.591693103313446
SSHQIRW,0.5015976722707491,-2.0562686920166016,-0.746345579624176
CMRYQQQ,0.5126913684605993,-4.1264142990112305,-0.8152190446853638
MKTYNQK,0.5079883613537459,-2.9261250495910645,-0.8364230394363403
HWAQSNK,0.5174618828464982,-0.6269571781158447,-0.2875250279903412
NHYHKKA,0.5442847750540059,-1.1708645820617676,0.4018474221229553
GWSKTSS,0.5077633370902602,1.1145108938217163,-1.3848611116409302
NHYHNCY,0.5396717776525469,-4.389885425567627,-0.6000479459762573
FDRYLYN,0.5142665383049998,-2.0184450149536133,-2.3642773628234863
DMKWKAS,0.4858909786794402,0.8237494230270386,-2.0470197200775146
TCNKKKN,0.5103511161203469,-4.499948978424072,0.35333481431007385
KSHQYQS,0.5232000015653862,-0.14879432320594788,-1.8220078945159912
QYYYKHT,0.5298157149118687,-1.3588238954544067,-0.23589102923870087
YCEYHRS,0.5557835149181303,-3.5242345333099365,0.0036714677698910236
ESHSVKN,0.5175968974045897,0.6185046434402466,-4.25103235244751
RCPRCRH,0.4994374393412855,-4.786903381347656,1.4822129011154175
KKTSSKL,0.5062556745249053,-2.9608750343322754,0.4020085334777832
HYKQYND,0.5312783726245265,-0.1908785104751587,-1.4689650535583496
YHRRYIN,0.5570661532199993,-3.486844301223755,0.6878456473350525
GWSGMNS,0.517259361009361,-0.5320702791213989,-2.0614941120147705
LASRDAN,0.520207178861025,0.7829490900039673,-3.370492935180664
YNGHVLS,0.5238300695031464,-0.29814592003822327,-3.533031940460205
LGALGEP,0.4934292915062146,-0.7248470187187195,-3.6556553840637207
GYYYYGR,0.5253602344948499,-4.187917232513428,0.683923602104187
DYDYAEN,0.5323809915156069,-1.9093817472457886,-1.1222151517868042
FNGFCHT,0.5076283225321687,-3.7844078540802,-1.3218528032302856
YWYLAKQ,0.5039154221846529,-3.479865550994873,0.3483610153198242
YHYCTWF,0.5072232788578943,-4.947348117828369,1.080661654472351
YRRDMSC,0.5263278388278388,-3.271536111831665,-1.504290223121643
HHYCNNN,0.5438347265270342,-4.012509346008301,-0.9537944197654724
EHSYSTI,0.5273629504398735,-1.022863745689392,-2.39018177986145
TFKSVYK,0.5069082448890141,-3.3328957557678223,-0.6832460761070251
YHAQSSN,0.5562110610187533,0.9219342470169067,-1.6913632154464722
VNRMERQ,0.5123538320653706,1.0202670097351074,-2.5718207359313965
RYLHSYN,0.5345862292977677,-3.679884195327759,0.6739768981933594
YFYDWGL,0.4921691556306941,-4.5575270652771,1.3807352781295776
YWYGILR,0.4897163911586988,-4.62455940246582,0.6083424091339111
YLYYYQA,0.5178894289471212,-3.5753703117370605,-0.2537508010864258
CFAHLMK,0.5068407376099684,-4.018320083618164,-0.8626393675804138
HRLHRHN,0.5463549982780752,-3.8460333347320557,1.098426342010498
YTYWNFL,0.5011026188910804,-4.074101448059082,1.1451159715652466
HHPRYIL,0.5076508249585173,-2.3099987506866455,-1.016190767288208
YIMKAKN,0.5117687689803074,-2.1211788654327393,-0.2272184193134308
FDHHYVN,0.5244151325882095,-1.7536356449127197,-1.5726332664489746
NKQCRAC,0.5103511161203469,-3.744865655899048,0.3895706832408905
IHHHQKQ,0.5226824457593688,-0.7369078993797302,-0.8127564191818237
HWEHSCQ,0.5028353057199211,-4.0319132804870605,-0.3485127389431
LHMLTNN,0.5413144547759933,-0.7145656943321228,-3.2707016468048096
VNSYNGK,0.5113412228796844,1.0247963666915894,-3.6801650524139404
YRRSNAN,0.5628717792179331,-2.7470502853393555,-0.5169501304626465
LYCWIKR,0.4940368570176262,-5.680785655975342,1.4465409517288208
TGHQTFN,0.5178219216680755,-0.32154580950737,-3.7085392475128174
QHYAKKR,0.5304907877023262,-4.155592918395996,1.5696460008621216
YSKIKGD,0.5428221173413481,1.5156692266464233,-2.1089515686035156
HIRNLFL,0.5124213393444162,-3.4820289611816406,-1.8417326211929321
QHCSDSI,0.5094060142137065,-3.952876329421997,-0.9965726733207703
YVWKSMC,0.4977047525124448,-3.981189727783203,1.2566618919372559
ELKNGNQ,0.5185194968848815,1.4043233394622803,-4.330726623535156
FIRHPNN,0.5108461695000157,1.1386311054229736,-1.22207510471344
VYSTIVW,0.507020757020757,-3.53035831451416,0.646248996257782
RYYNSIF,0.5186995162956701,-3.5855159759521484,0.28258955478668213
PLWHMHN,0.4971421918537303,-3.1551570892333984,-0.9447476863861084
YYRNSCF,0.5337311370965216,-4.037773609161377,0.6432501673698425
YDRIATY,0.5315934065934066,-1.489242434501648,-2.6932690143585205
NYYWSER,0.4995049466203312,-3.0980355739593506,1.7148185968399048
AWRKRNN,0.5002250242634858,-3.0250906944274902,0.1884632110595703
NSLMRHN,0.5058731332769795,0.9939877986907959,-2.670180082321167
TASAEDP,0.4884112504304812,-1.0391085147857666,-5.0985188484191895
MIHKYKD,0.5248876835415297,0.7503622770309448,-1.7100170850753784
DHHKNEN,0.5363639209793056,1.2691783905029297,-3.05437970161438
YKAYQYH,0.5225699336276259,-0.32188186049461365,-0.7110446691513062
ISLCRSK,0.5003150339688801,-4.53257942199707,-0.1523958295583725
YCYSYKI,0.5175068876991954,-4.541770935058594,1.314239740371704
LAYNSNS,0.5330785667324129,0.653160035610199,-2.39996337890625
FEHIARM,0.5076958298112144,-1.1007529497146606,-3.421924591064453
RSKMKDL,0.5111161986161986,-2.477396011352539,-1.02898371219635
FARTEMD,0.5187220187220187,0.33283427357673645,-2.7461695671081543
LVFKCHC,0.4939918521649291,-4.028641223907471,-1.1856963634490967
YLRSSIN,0.5533757552988322,0.36344149708747864,-0.1396075189113617
YYRVRNK,0.5330785667324129,-3.1947455406188965,0.5336232781410217
YAKHKHR,0.5506979665633511,-3.13006329536438,0.8645262718200684
SAYRDHV,0.5098785651670267,0.9241651892662048,-2.7479043006896973
NCESYPV,0.4909765270342193,-4.250361442565918,-0.9320988059043884
IYYHSWG,0.520904754077831,-4.0843048095703125,1.549570918083191
YNHSYGE,0.5281055305093767,-1.1809077262878418,-2.1894760131835938
YHKEQEN,0.5557835149181303,1.0739712715148926,-2.235088586807251
YNSYKVK,0.5074258006950314,-2.5785136222839355,-1.5160672664642334
VYSKNPL,0.5383891393506779,1.9406200647354126,0.7634438872337341
PNRSRHM,0.5231099918599919,-3.986083984375,-0.2800990641117096
SFVRFLM,0.49270921386306,-4.5748090744018555,1.0496995449066162
HGLNNSN,0.5406393819855358,0.2049907147884369,-3.870062828063965
KFYHKSY,0.5424170736670737,-4.3275861740112305,1.0363343954086304
FEHKKNN,0.5282405450674681,0.35383695363998413,-0.8618618249893188
YYHKLPN,0.5589563570332802,-0.5064940452575684,0.04310978949069977
MYHRYVH,0.5491678015716477,-2.295053243637085,-0.08491338044404984
DFISRSN,0.5288031057261826,-0.04541106894612312,-2.394735097885132
RCFKHTL,0.5092484972292665,-5.254937171936035,0.48463448882102966
YHISTSW,0.5146265771265771,-2.754664897918701,-0.5622591972351074
YNWPVTA,0.4812104739989356,-2.429807186126709,1.6004027128219604
YMYHYKI,0.5241000986193294,-1.6909842491149902,-1.08712637424469
YSLQALD,0.5205897201089509,-0.6639217734336853,-2.1527185440063477
FHYCMKH,0.5132764315456623,-4.040544509887695,-0.10451328009366989
KLRFDDN,0.5125563539025078,-0.03452122211456299,-2.4460909366607666
YEKMGNK,0.542664600356908,1.2838653326034546,-2.542978286743164
CYGRFWP,0.4925066920259228,-4.289506912231445,3.1148431301116943
GRITILA,0.5004500485269716,0.26776251196861267,-3.731931686401367
FWSYSGN,0.5172818634357096,-2.769831418991089,-0.7687664031982422
EERWFVI,0.4740096975673898,-3.380537748336792,-0.5468084812164307
FHHCNRL,0.5170343367458752,-4.173400402069092,0.2296510487794876
NRYHLNS,0.5379390908237062,-1.0871940851211548,-0.8289928436279297
QIMKKKN,0.5059856454087224,-2.793882131576538,0.11486536264419556
YHRSKTY,0.5545908863216555,-3.4290921688079834,1.1063745021820068
ANYIEEN,0.5190595551172474,-1.5869553089141846,-3.632803201675415
YHKVHLI,0.5459949594564979,-1.11050283908844,-1.180238962173462
HRTHALQ,0.5204997104035565,-0.8553255200386047,-0.21762844920158386
FATSDWM,0.4829881656804733,-3.2714686393737793,-0.1989966779947281
RTRTRPA,0.5015076625653548,-2.883173704147339,-0.7546653747558594
IWRYISR,0.5112062083215929,-4.830506801605225,0.6836775541305542
YGHEMMK,0.5225924360539745,-0.47738462686538696,-2.681724786758423
QVVSWNY,0.4979972840549763,-3.825324058532715,0.05070086568593979
QARSSRS,0.5229299724492033,-3.284895181655884,-0.6434141397476196
YEGNHRK,0.5223224069377915,-1.4500858783721924,-0.4415450394153595
RHTKGYI,0.5142440358786513,-4.78147029876709,-0.43538516759872437
YKHRTRN,0.5456349206349206,-3.7171995639801025,1.1442078351974487
YGGLKRG,0.5153691571960803,-2.648108959197998,-1.06378173828125
YPKFAKS,0.5093610093610094,-1.4436322450637817,-1.329400897026062
LYVQSVD,0.5249101859678782,-1.8579010963439941,-1.2109630107879639
HSKGRIN,0.530873328950252,-3.57942271232605,-0.16489332914352417
YKIYNHM,0.5272954431608278,-0.7271410822868347,-1.8984843492507935
QSCSRFR,0.4993924344885883,-4.713289737701416,-0.2938590347766876
LHDTQGR,0.5145365674211828,0.3668336570262909,-3.299023389816284
SHKHYKK,0.5334611079803387,-3.522566556930542,0.9634075164794922
QHYSEVN,0.5479301681224757,0.09634674340486526,-3.522792339324951
TARHNLQ,0.5256077611846842,0.4073166847229004,-1.955488920211792
PKRECES,0.4896488838796531,-4.020679950714111,-0.984269917011261
MMHITES,0.5128488854450393,-0.6552728414535522,-3.695812225341797
DFPNYND,0.5120838029491875,-2.109124183654785,-1.663063406944275
RMCRFMN,0.5094960239191009,-4.861878395080566,0.41526490449905396
LKPFMRC,0.4837757506026737,-4.057427883148193,-0.49127116799354553
TCKTSEN,0.51093617920541,-3.630891799926758,-0.8045762181282043
YLKTCGS,0.509968574872421,-3.117671251296997,-1.1942006349563599
CASPYNN,0.5056706114398423,-3.5439600944519043,-1.4425268173217773
TTYCINR,0.5114087301587302,-4.227218151092529,-1.0196101665496826
HCWHNRI,0.5113862277323816,-4.828459739685059,0.2499682903289795
SHHDYNW,0.5148966062427601,-2.3524398803710938,1.0943576097488403
PAHLYNW,0.5000225024263486,-3.6469762325286865,0.023249376565217972
QYHEGLD,0.5330785667324128,-0.29489371180534363,-2.4330191612243652
YIYSKKA,0.5333260934222473,-2.0454535484313965,0.020077869296073914
QSYDNHR,0.5242126107510723,-1.0848780870437622,-1.4457098245620728
WYHVMDN,0.5175743949782411,-3.7931504249572754,-0.7765805125236511
SVARYSL,0.5167868100560408,-0.25098398327827454,-2.7605135440826416
CNSRNQV,0.521602329294637,-3.5588555335998535,0.11558657884597778
ILGRKFT,0.4943293885601578,-3.6115517616271973,-1.1633305549621582
AYRHRHS,0.5308733289502521,-3.8097896575927734,0.5520811080932617
GSHERIF,0.513726480072634,0.2800197899341583,-3.147493600845337
YHVHRHL,0.5312783726245265,-1.012077808380127,-0.21678614616394043
GPRSRQA,0.5043654707116245,-2.4036688804626465,-1.7332981824874878
AGAFKIY,0.4979747816286277,-0.7520633339881897,-1.7907402515411377
EKRHSRN,0.538164115087192,-2.3791420459747314,0.6062079071998596
NRHEMEE,0.5221648899533515,-0.5731313228607178,-3.8800101280212402
YCHEKSI,0.524977693246924,-3.3326053619384766,-1.032920479774475
MWYCRAN,0.5249551908205754,-4.943656921386719,1.5205847024917603
FQTPRNA,0.4916065949719796,1.6264539957046509,-3.5436971187591553
EQGSTKI,0.4939468473122319,0.13389988243579865,-5.079732894897461
YVRKSSQ,0.5298382173382173,-2.737438440322876,1.3281694650650024
YSYTYES,0.5215573244419398,-2.8652291297912598,0.27657702565193176
ICKFCWN,0.483438214207445,-4.1282196044921875,0.4129929840564728
VHLRSSN,0.542079537271845,1.4969366788864136,-0.6276920437812805
VHSSDKE,0.51838448232679,1.2996466159820557,-4.058507442474365
CYHPCIR,0.5069757521680599,-3.912376642227173,-1.0421046018600464
HRLHRCP,0.5312783726245265,-4.787177085876465,1.8792166709899902
KKKCQEH,0.5064806987883911,-4.403663158416748,0.810927152633667
YHHHCYK,0.5281730377884224,-4.098755359649658,0.6385059952735901
YWKVSTL,0.5106886525155756,-3.0940067768096924,0.0826539397239685
YLVRMVH,0.5111837058952443,-3.1360819339752197,-1.9265395402908325
HERTSAN,0.5410219232334617,1.2474993467330933,-3.779013156890869
TEYSSEM,0.5223224069377915,-0.6263433694839478,-3.4703314304351807
AAQHYTN,0.5290056275633198,-0.35439369082450867,-3.8051187992095947
GERHDQD,0.5065707084937854,0.17896121740341187,-4.361959934234619
HSGHAHC,0.5189470429855045,-4.050897121429443,-0.3133310377597809
AYRNNAN,0.5430696440311824,1.2161293029785156,-2.623126268386841
YKDAWQA,0.4954320074512381,-0.13595016300678253,-1.26003897190094
YHKSKKV,0.5468500516577439,-2.505729913711548,0.5702745318412781
IRTHPVY,0.4980872937603707,-1.6516388654708862,-0.8755737543106079
YGFNYHW,0.5178894289471212,-3.881842851638794,-0.03371928259730339
YHYRFKS,0.5310758507873892,-3.345734119415283,-0.14473219215869904
TGARRNN,0.5117012617012617,-2.959679365158081,0.09787660092115402
YPPKTAT,0.4922141604833913,1.5671494007110596,-4.0823974609375
YYRVKNN,0.5491452991452991,-2.3671505451202393,0.3581458330154419
MYSVHNP,0.5250001956732726,0.10921426117420197,-3.137852430343628
AWHDSNI,0.5103286136939983,-0.506324291229248,-0.7607763409614563
YFRRQNV,0.5263953461068845,-2.944450855255127,1.1109564304351807
LWESRER,0.4918091168091167,-0.5507875680923462,-1.015264630317688
YCRVGDP,0.5363639209793056,-3.3584351539611816,0.18670211732387543
DHELKRA,0.5180694483579098,1.6089733839035034,-3.568024158477783
NWHPNKD,0.5068182351836198,0.6505706310272217,-1.2121292352676392
FHRSSQY,0.5362739112739112,-1.9869422912597656,0.6387481689453125
YRPYKRW,0.5016426771234463,-3.09867787361145,0.2917903661727905
HHLLIYN,0.5342036880498419,-3.2621123790740967,-1.8394025564193726
RHYLEIM,0.5153916596224288,-2.8654322624206543,-2.3889963626861572
HNAHQGS,0.517686907109984,0.6352696418762207,-3.7301342487335205
YQHWTLN,0.5134564509564509,-2.735509157180786,0.10293833166360855
QFPHNAV,0.5009901067593375,0.18987621366977692,-5.036665439605713
MHSYSSQ,0.5383891393506778,0.5644627213478088,-2.487687826156616
ICRYNNN,0.5322909818102126,-3.675220489501953,-0.4685066044330597
PHKFSDL,0.517799419241727,-0.0032293328549712896,-2.5700292587280273
MHRNKMS,0.5292306518268057,-2.2771530151367188,0.32451754808425903
QNKYSNL,0.5340011662127047,1.506744623184204,-2.9222397804260254
VVMRKNK,0.5036228906421214,-3.2257888317108154,0.7745877504348755
YRSIKGA,0.5206122225352995,-2.4054877758026123,-1.3056550025939941
YKKVKCL,0.5171918537303153,-4.382835865020752,0.6376403570175171
QRYVAHN,0.5180019410788642,-1.1238795518875122,-0.06533720344305038
IHENAKG,0.517259361009361,1.780401587486267,-4.573976993560791
WKECNWG,0.4874211436711436,-3.3450820446014404,1.0381855964660645
MYRSAHN,0.5414944741867819,0.7816010117530823,-1.7493538856506348
CCPGEGN,0.4956345292883754,-4.1598429679870605,-1.6310269832611084
YTIYWWH,0.5092484972292665,-4.230780124664307,0.3577198386192322
YVFLSRN,0.5268453946338562,-3.4230690002441406,0.5430585145950317
GHHSSRN,0.5375565495757803,0.6004135608673096,-1.3141093254089355
HSKQAVL,0.5197346279077049,1.1140793561935425,-3.827023506164551
NLRSRNP,0.5191720672489903,-1.8020050525665283,-1.3887134790420532
VHPTYHS,0.5133439388247081,0.07069307565689087,-2.463000774383545
GYKFGSN,0.5270479164709934,0.4160577654838562,-2.3524646759033203
YWHLVSH,0.5144465577157885,-3.7948334217071533,0.30546835064888
AGNRDFI,0.5042754610062302,0.14025315642356873,-2.51582670211792
TNKHWMS,0.5087759462759462,-1.1367679834365845,-0.7378813624382019
NNMHRSN,0.5452073745342976,1.131901502609253,-2.436013698577881
VLHFLHQ,0.5131639194139194,-2.816030502319336,-1.6786680221557617
NRGVCDL,0.50729078613694,-4.088399410247803,-0.6547766327857971
YALNLNY,0.5352613020882251,-2.4643499851226807,-1.8646667003631592
YHHRFLN,0.5465575201152124,-1.6834697723388672,0.422680526971817
YKKWQFD,0.5020252183713723,-0.6957151889801025,-0.4864179790019989
SISRQRN,0.5107336573682727,-3.3530185222625732,-0.6917319893836975
YTRKYFT,0.5275204674243136,-2.481353282928467,-0.027790412306785583
HHNDKVK,0.5159542202811433,-0.7971203327178955,0.03748256340622902
CHHTKNN,0.5383216320716321,-3.801450729370117,-0.2856059968471527
FMYLGKK,0.5024302620456467,-4.480262756347656,-0.23470449447631836
WQDQKRI,0.4897838984377445,0.6097804307937622,-2.2802772521972656
KNSDNIS,0.5187670235747159,-0.12478114664554596,-4.244215488433838
HYYVGMV,0.5118587786857017,-3.287538528442383,-0.15651974081993103
YDELERN,0.5264403509595817,-0.18555402755737305,-2.9846441745758057
NRDHQTA,0.5169443270404809,1.6668199300765991,-4.894378662109375
INPHTQR,0.5099685748724211,0.20429977774620056,-2.74369740486145
YRHNKAG,0.5334836104066873,-2.2331619262695312,0.33917707204818726
YHRHHHV,0.5522506339814032,-0.8176979422569275,0.4494890570640564
GIRSRKW,0.4974347233962619,-3.7705326080322266,-0.8086600303649902
MRSKAHK,0.5225024263485802,-3.9212331771850586,0.5840043425559998
YRYRCYE,0.5123988369180676,-3.8715286254882812,0.34678688645362854
YKYHMSY,0.5369039792116715,-1.3346295356750488,-0.9761224985122681
VRRWDGY,0.4844058185404339,-2.470994234085083,0.6982889175415039
PHKLNSS,0.5327410303371842,1.1880079507827759,-3.1128954887390137
LMQHHNT,0.5160667324128863,0.0596594475209713,-3.032414674758911
TNYSLTW,0.5079433565010487,-3.147312641143799,0.05202723667025566
YNYHTKP,0.5214223098838484,0.8317797780036926,-1.9300463199615479
TGRCKRR,0.4945994176763407,-5.339902877807617,1.2808653116226196
YHHTCKQ,0.5267328825021133,-3.5144505500793457,-0.3092334568500519
YGHCYQI,0.5157291960176575,-3.773200035095215,-0.5129139423370361
KFGSKYN,0.508145878338186,-2.9472813606262207,-0.7336688041687012
MIDKNVC,0.5063006793776025,-3.238229274749756,-2.1812081336975098
HKYMIKR,0.5166968003506465,-4.021172523498535,0.8809440732002258
HYHSYNV,0.5370389937697629,-2.5622315406799316,-0.37453028559684753
NYYEQIV,0.5213548026048026,-2.7837657928466797,-0.7645053863525391
RDQYFQW,0.491741609530071,-2.5542876720428467,-1.0446991920471191
LHHKDKR,0.526642872796719,-1.34234619140625,0.5484004616737366
RDHKCDY,0.5211297783413168,-3.560314416885376,-1.6370500326156616
HEYGMKR,0.5100810870041639,-1.9979082345962524,-0.7837716937065125
WAHRKEK,0.5016201746970977,-2.178983449935913,0.8106483817100525
HDHARVY,0.52583278544817,-0.10950296372175217,-1.5353002548217773
HYNSHKI,0.528353057199211,0.34682217240333557,-1.1850812435150146
MHMSMVP,0.5103286136939984,-1.5763211250305176,-2.6991629600524902
NGDCLIS,0.5049055289439905,-4.361243724822998,-0.8055283427238464
YWYASNY,0.5175968974045897,-4.003907203674316,1.2765278816223145
RSCNHQS,0.5244826398672552,-3.078476667404175,-0.4364555776119232
NKYNKTN,0.5425745906515137,-2.478945255279541,-0.3681661784648895
ISTKYGI,0.5020702232240694,0.6647267937660217,-3.273282051086426
YHYHKKE,0.5418320105820106,-0.18136748671531677,-0.14242368936538696
HSHKHAR,0.5326735230581384,-3.777503728866577,0.8106367588043213
NAFQIQE,0.4964221142105757,-0.8543781042098999,-3.7337582111358643
TVHDYYR,0.5250452005259697,-2.5565128326416016,-0.36675968766212463
LHLHHHD,0.5234475282552206,-0.7650284767150879,-0.6516659259796143
YKCYRSE,0.5198021351867506,-2.9241724014282227,0.12480764091014862
NYYDPEV,0.5027452960145268,-2.43103289604187,-1.4553622007369995
YAYCYSP,0.5115662471431702,-4.15902042388916,0.8761003017425537
TCYMDKE,0.5049055289439904,-4.041896820068359,-2.666076421737671
YQYAILN,0.5237850646504493,-2.485229015350342,-1.3683830499649048
YYHSPNK,0.5352613020882252,-0.24936093389987946,-1.1388094425201416
CFHFKNK,0.5170343367458753,-4.59300422668457,0.453072190284729
YSHKVRS,0.5379615932500548,-3.1358542442321777,0.7932197451591492
QRDYKKH,0.5218723584108199,-2.7657153606414795,0.7218689918518066
YFRRQKR,0.5189920478382017,-4.014551162719727,0.9860217571258545
TQFIHSC,0.5104186233993926,-4.07624626159668,-0.6561977863311768
NHHFNTN,0.5317959284305438,-0.3158295750617981,-2.2893238067626953
LWFKHIL,0.4872186218340064,-4.142021179199219,0.49256211519241333
YYFWGLI,0.4915390876929338,-4.087071895599365,1.7108632326126099
LIHVRCD,0.5141090213205598,-3.487142324447632,-1.518796443939209
MMKRCIE,0.4967596506058044,-3.4764034748077393,-1.2279778718948364
CNHYKYL,0.5154591669014746,-3.7137696743011475,0.2346179336309433
RRYRRHI,0.5281505353620738,-4.8618903160095215,1.0479449033737183
NSPSLSN,0.5050180410757334,-0.43452733755111694,-4.508545398712158
HHYGTSS,0.5253827369211984,-0.024053318426012993,-1.5489593744277954
HQLRKSK,0.5230649870072946,-4.116588115692139,1.1240028142929077
YHQMCQS,0.5423945712407251,-2.8339569568634033,-1.433897614479065
PQGSLHL,0.5049505337966876,-0.4557313621044159,-4.153266906738281
VDWNFKT,0.4790052362167747,-1.7219462394714355,0.00948912464082241
LYHRSTS,0.5602164929088006,0.715718686580658,1.122145414352417
MRDYKLM,0.5111161986161986,-0.2251000702381134,-2.6033847332000732
VLCTYQS,0.5054230847500079,-4.172431945800781,-0.05083329603075981
KYRSRKN,0.5382316223662378,-3.933079719543457,1.5059292316436768
YYRHRNI,0.5470525734948811,-3.5641918182373047,0.7113697528839111
YHRYKKS,0.5573136799098337,-3.5322282314300537,1.2609864473342896
YHHHYNK,0.545184872107949,-0.33676427602767944,-0.41286420822143555
YHYYTKR,0.5387716805986037,-4.008882999420166,0.7942461967468262
YHHSGSY,0.5381416126608434,-0.8471288084983826,-0.8216361403465271
YNYSYKR,0.5264403509595817,-3.5907483100891113,-0.08598204702138901
YHRKRRK,0.5440822532168685,-3.586907148361206,0.9277730584144592
YAKIRNN,0.5404593625747472,-1.78376042842865,-0.4126865863800049
YHRHYRN,0.5540733305156382,-2.681145429611206,0.2870977818965912
YHYHRQN,0.5605315268776807,-1.1670211553573608,-0.2648923993110657
YHASTEN,0.5411569377915532,-0.07068832218647003,-3.441239833831787
YRKSYNN,0.5383891393506778,-2.551826000213623,-0.1590367555618286
HHHARSR,0.5443522823330516,-3.974745035171509,0.9619498252868652
YEHYKHN,0.5326060157790927,0.28184381127357483,-1.4175435304641724
YHRMSQM,0.572570324974171,-0.7976346611976624,1.6424306631088257
YVRSSNN,0.5575387041733195,2.293186664581299,1.2344037294387817
YHYRRHR,0.545027355123509,-3.7914271354675293,0.6840280890464783
HYRSSHN,0.5486277433392818,-0.49404478073120117,-0.5154863595962524
YHLLHMN,0.5478176559907328,-2.6504111289978027,-1.2460867166519165
YHYNNYE,0.5374665398703861,-1.3175822496414185,-0.35028910636901855
RSSYRSS,0.521602329294637,-4.076141357421875,-0.08324253559112549
TYHSQNR,0.5372640180332487,-0.4333731532096863,-1.7349011898040771
YYYYHRK,0.5465575201152124,-4.148456573486328,0.8008899092674255
YQRSKVR,0.5341586831971447,-3.5793275833129883,-0.009526694193482399
YYYRKHN,0.5355763360571052,-3.521329402923584,1.4125933647155762
YYKNRSI,0.5349237656929964,-2.4959475994110107,0.8389144539833069
HYKHRSS,0.5433846780000626,-2.124638795852661,1.4406753778457642
YHYHKMN,0.5665396747127516,-0.24260272085666656,-0.7307793498039246
LHYSLSN,0.5494828355405278,-0.8302692174911499,-1.0792860984802246
YLLSKQS,0.51854199931123,1.055967092514038,-2.997741222381592
NHHHNHN,0.5458599448984064,-1.53450345993042,-1.0333527326583862
YHLRGTL,0.5315934065934066,-0.9044923186302185,-0.1835164725780487
YYHNNAN,0.554725900879747,-0.37013328075408936,-1.0990370512008667
QYYKNNR,0.5348337559876022,-4.11656379699707,0.6424184441566467
YYHKSHQ,0.5537807989731066,-0.6622434854507446,0.04906996339559555
VRWRNNS,0.4952519880404495,-3.4030511379241943,-0.9752728939056396
RYKLMNN,0.5305357925550234,-3.4862568378448486,-0.29370927810668945
LYKSSNR,0.5417420008766163,-3.2258098125457764,0.14622189104557037
HHYSDTN,0.5524531558185404,-0.36982592940330505,-1.9558204412460327
YSHYKWL,0.5162017469709776,-2.0601444244384766,-0.21155816316604614
YEYPLLE,0.4889288062364986,-2.8197860717773438,-1.352219581604004
HHHNKYN,0.5321559672521211,-1.0143389701843262,0.07685932517051697
YKLKQEN,0.5261253169907016,0.1836022436618805,-1.8778040409088135
YYLHRNS,0.5479076656961273,-2.030026912689209,0.5359683632850647
YRYHRMN,0.5711976769669077,-3.9061896800994873,0.016018034890294075
PAHHRVS,0.5283755596255597,0.08775275200605392,-2.1160409450531006
YHRKHNS,0.5493478209824363,-2.1453163623809814,0.9453912377357483
YRKHNNN,0.5390867145674838,-3.0693750381469727,0.011877610348165035
YYKSSYN,0.5501804107573338,-0.25553929805755615,-0.03624779358506203
YHKRHNV,0.547007568642184,-2.5732946395874023,0.2639143168926239
YYRYYNI,0.5340011662127047,-3.0414786338806152,0.3082289695739746
YVYNRRN,0.538704173319558,-3.4215149879455566,0.9432752728462219
YYLHNLR,0.5413594596286904,-2.676048994064331,-0.33165067434310913
HHYYSHT,0.5447798284336745,-2.879128932952881,0.3200015425682068
LYYSKNN,0.5554684809492502,0.1431828886270523,-0.8214603066444397
HHHYSRR,0.5512155223693685,-4.238400936126709,1.2556233406066895
HYYKAVN,0.5429346294730909,-0.89389568567276,-0.11323903501033783
YHRKQNL,0.5583262890955198,-2.9569272994995117,0.5797470211982727
YHKRSLN,0.568069839704455,-2.6879804134368896,1.3028680086135864
YHRHKHN,0.5606665414357721,-2.4145500659942627,0.8854448795318604
YHHHSNS,0.5449373454181147,-0.28049734234809875,-0.1059679463505745
YNYSGNQ,0.5419670251401021,-0.057342275977134705,-1.5129032135009766
YHHLSQS,0.5566611095457249,0.7652196884155273,-0.3107963502407074
YHRHSKN,0.5680023324254093,-1.9040573835372925,1.3017362356185913
YYHRNSN,0.5709726527034219,-1.1497745513916016,0.3425467908382416
YHHSKNL,0.5476826414326414,0.3892790377140045,-0.9603590369224548
YHHKSSN,0.5565260949876334,0.5490807890892029,1.0683499574661255
YSYNSNS,0.5468050468050468,-0.5395686030387878,-0.6006638407707214
YHHKSHL,0.5416744935975705,-0.05814622715115547,0.5779575109481812
HYKYSRK,0.5454774036504806,-3.8714115619659424,1.8338247537612915
QSRSSGL,0.5246401568516953,0.8128595948219299,-2.907636880874634
YHRYNSK,0.5575837090260167,-2.9649994373321533,0.518275260925293
TGKKSRH,0.5182719701950471,-4.1430463790893555,0.7068501710891724
YHHHKTS,0.529905724617263,-0.11571740359067917,0.49737799167633057
HMHSNHL,0.5330110594533671,-0.20854604244232178,-2.146880626678467
NHRSKSN,0.5488977724554648,-3.961529493331909,0.2668474018573761
YYKSSSC,0.5341586831971447,-3.814239263534546,-0.022331422194838524
YWKHNNN,0.5251577126577126,-0.11458905786275864,0.616569459438324
KIKRTLN,0.5177094095363326,-3.3861379623413086,0.1959313005208969
YYYSKNA,0.5481101875332645,0.08304145187139511,-0.40716397762298584
YKRHKSL,0.5405043674274443,-3.6593356132507324,1.1395765542984009
HHKLSNS,0.5519806048652203,0.8622209429740906,-0.8912392854690552
YNKYNHS,0.5441497604959143,1.0912015438079834,-1.3237364292144775
IRHYYKE,0.5175068876991954,-1.1065394878387451,-0.018756110221147537
YNYSGEL,0.5267778873548105,-1.9601531028747559,-1.2086430788040161
HHHLSNL,0.5430021367521367,-0.5223484635353088,-0.34374335408210754
RYYNINN,0.5354188190726652,-3.00051212310791,0.36965781450271606
LHHYSRL,0.5660671237594315,-1.8096083402633667,-0.07209713011980057
YHLHSCN,0.5430021367521367,-4.058753490447998,0.15049739181995392
YSYHDLS,0.5455449109295263,-1.3380084037780762,0.9343905448913574
YYRQKSN,0.5442622726276573,-2.9093480110168457,0.3477025628089905
YYYRSEN,0.55166557089634,-1.7053031921386719,1.6267517805099487
YYHANNN,0.5552209542594158,-0.6338670253753662,-0.9899373054504395
YSHHTQN,0.5473901098901098,0.5397675633430481,-1.2298948764801025
IHYCSNQ,0.5324710012210012,-3.765404462814331,-0.2759656608104706
YYRNRSN,0.5508779859741398,-2.9032232761383057,0.820348858833313
YTNDTNQ,0.5324484987946526,-0.7109495401382446,-4.033017635345459
GNYYRSK,0.5334836104066872,-4.121131420135498,0.47158175706863403
HVKVGRN,0.5300182367490059,-3.2255685329437256,-0.3561383783817291
YHRYSNK,0.5657295873642028,-2.7696714401245117,1.3520148992538452
HHYHREN,0.5591363764440688,-1.0979186296463013,0.0728684514760971
HSYSSKN,0.5408644062490215,1.2445824146270752,-1.0405933856964111
YCHNNMN,0.5488527676027676,-3.7623634338378906,-0.9739817380905151
YNKSNRL,0.5467150370996524,-1.582067608833313,-1.5957086086273193
YHHKSKY,0.5393342412573181,-2.491145372390747,0.8789355754852295
HHHMRHM,0.5319759478413325,-2.007035493850708,-0.5846715569496155
LHYHRNY,0.5543658620581697,-2.4789516925811768,-0.011519788764417171
YHHYSQN,0.5659771140540372,-1.0525082349777222,-0.5169659852981567
YYYQHNN,0.5414044644813876,-2.2387468814849854,-0.7344468832015991
HYYSNKN,0.545454901224132,-0.14451369643211365,-1.0697590112686157
YHHHNLS,0.5459724570301493,-0.7731042504310608,-0.39606013894081116
YKRSRTS,0.545882447324755,-3.453866481781006,0.702288031578064
HAHRSSN,0.546737539526001,0.1469115912914276,-0.054275158792734146
YYYSNNW,0.5361163942894712,-3.2099759578704834,1.0140067338943481
YHYHNKN,0.543092146457531,-0.43913373351097107,-0.6613222360610962
YYHSNKN,0.5485377336338875,0.3873518407344818,-1.1139358282089233
YMRSMLQ,0.538434144203375,-2.5485801696777344,-0.7110266089439392
YYYYNNY,0.5346537365768135,-3.6053786277770996,0.03881938382983208
YKSYSNM,0.5372190131805517,0.4861717224121094,-1.526214838027954
YSHHKVN,0.5532407407407407,1.120404839515686,-0.448600172996521
YHRHMNN,0.5714227012303935,-0.013834236189723015,0.04115337133407593
YHYSISS,0.54421726777496,-1.3859871625900269,0.23608972132205963
YYRSKSK,0.542507083372468,-3.560194969177246,1.445475697517395
YHYRRCA,0.5360038821577283,-4.736042022705078,1.4522980451583862
YAHNQNN,0.5574711968942738,1.022027611732483,-1.644791841506958
DKHKRKK,0.5212647928994083,-2.9992427825927734,0.6541839241981506
YHIHRKT,0.5287581008734854,-3.3033533096313477,0.5890949368476868
YNRRSKC,0.5311208556400864,-4.5505523681640625,0.6125818490982056
IHLRSNN,0.5492353088506934,1.2210583686828613,-0.7558709383010864
HCNYRRR,0.5244601374409067,-5.009294033050537,1.3824143409729004
YYYYSMQ,0.527925511098588,-3.443222999572754,-0.36444443464279175
YRLRNNG,0.5431146488838796,-2.147855281829834,-0.5484583973884583
YHHRLKS,0.5494153282614821,-2.389336585998535,0.30861812829971313
YHKNRNN,0.5580337575529883,-2.3542964458465576,0.5660362839698792
YQYHINM,0.5346087317241163,-2.747722625732422,-1.3521299362182617
RYRHARR,0.5263953461068845,-4.8734331130981445,1.440194010734558
YHRSNNN,0.5885245452553145,1.5893816947937012,0.4305739104747772
TYHSHAM,0.52947817851664,0.3617159426212311,-0.6178746223449707
YNYHKSN,0.5624892379700072,1.098152995109558,-1.5599874258041382
YHHHRNN,0.5476376365799442,-0.5153177976608276,0.6769149303436279
YSRNNKK,0.5592938934285088,-3.660597324371338,1.8427435159683228
YHHNSNN,0.5565260949876334,0.43634501099586487,-1.045844554901123
HHSQRNS,0.52947817851664,0.4117399752140045,-1.0423369407653809
YHHRRAK,0.5299282270436116,-3.8312525749206543,1.4332079887390137
YYHSRTV,0.552475658244889,-1.1644337177276611,-0.08334426581859589
VHVLKKK,0.5103961209730441,-2.9304513931274414,0.21591751277446747
YHRRQTN,0.5663371528756144,-3.208610773086548,0.9708389639854431
YSYCMHS,0.5325835133527441,-3.834836721420288,0.6900652647018433
YHYYKHR,0.5411569377915532,-3.0172204971313477,0.1994437426328659
YNRYKEY,0.5335286152593846,-0.13023850321769714,-1.012163758277893
YHKIGLN,0.5730428759274913,1.797766089439392,1.4186004400253296
TSHMNEN,0.5311208556400864,-0.8603599071502686,-4.535646915435791
HQHKYMY,0.5261928242697473,-1.6630311012268066,-0.8873194456100464
FHYHHTQ,0.5298382173382173,-1.553203821182251,-0.9793520569801331
NKRRRTS,0.5031728421151498,-4.010924816131592,0.8710813522338867
HARSYQK,0.5310308459346921,-4.523398399353027,-0.12561483681201935
YCHDKNN,0.529748207632823,-3.7097222805023193,-1.0089370012283325
DRRYENN,0.5171693513039667,-0.5703237056732178,-2.524754524230957
HAHITRT,0.513883997057074,0.5410109758377075,-1.5970221757888794
YHVHNKN,0.5384116417770264,0.17890019714832306,-1.3675167560577393
IHRHYNT,0.5338661516546132,-1.2356947660446167,0.7191566824913025
YVHRRSN,0.5475926317272471,-3.1896555423736572,1.599091649055481
YRYNSKD,0.5269129019129019,0.45703932642936707,-2.0266048908233643
HHRHSNN,0.5522956388341004,0.2495100349187851,0.7726752758026123
YRYSSKL,0.5259452975799129,-3.3789472579956055,-0.2208235263824463
YHHHMFK,0.5253377320685013,-1.4675016403198242,-0.5848372578620911
YHRNSHN,0.5740329826868288,0.5810673832893372,0.017489610239863396
YRHMSNK,0.5386816708932093,-3.0863184928894043,0.24252170324325562
YNHQSNS,0.5436547071162455,0.9479770660400391,-3.188258171081543
HHRHRSN,0.5453648915187377,-3.0545990467071533,1.0776677131652832
LEASKNE,0.5128263830186908,0.24982629716396332,-4.671678066253662
DAYHAKN,0.5368364719326257,1.0454365015029907,-3.1586008071899414
YHRYRMN,0.5628492767915845,-3.7111544609069824,0.3299120366573334
NHHLKNN,0.5425745906515137,0.33386385440826416,-1.4583532810211182
HSRHHER,0.5378715835446604,-2.005078077316284,0.22875559329986572
YHYHSNN,0.5487627578973733,-0.8835241198539734,-1.0391504764556885
YIYIRKR,0.5164717760871607,-4.408793926239014,0.9617931842803955
IYHIRAL,0.5264178485332331,-3.87257981300354,-1.0029188394546509
LHYKKSR,0.5450498575498575,-3.7489843368530273,1.3564612865447998
YHHSSAS,0.5411794402179018,0.3986395001411438,-0.8986024856567383
YRYLHNK,0.5348337559876021,-3.621180772781372,-0.12185445427894592
YHRGNNV,0.571130169687862,1.5653626918792725,0.4634626507759094
HHYNYRQ,0.5230874894336432,-2.315394163131714,-0.41730034351348877
YHKSSKS,0.5570886556463479,-2.653806447982788,0.740833044052124
HQKYNNI,0.534518722018722,1.2063850164413452,-2.1782543659210205
YHYHIGK,0.5256977708900785,-0.9531344771385193,-0.6068916320800781
YHRHQNM,0.5606440390094236,-0.4897310733795166,-0.43362459540367126
MYHSSNN,0.5539383159575467,0.93451988697052,-1.7375191450119019
LHYMRWS,0.5304007779969317,-4.391206741333008,0.8598190546035767
YSRKSSN,0.5696000046961586,-2.1219658851623535,1.9278000593185425
YHRHSHN,0.5689249319057011,0.1290704607963562,0.7240538001060486
KYYSKNN,0.5553784712438559,-3.263707399368286,0.2130194753408432
YKYDTIN,0.5290956372687142,-0.09088104218244553,-1.7884005308151245
VCSHKRK,0.5158417081494004,-4.301720142364502,0.7123898863792419
YHRRILR,0.5448023308600232,-3.623634099960327,0.9925112128257751
YHHYGNR,0.5354638239253624,-1.0963777303695679,0.44389617443084717
YHRRRSS,0.5458374424720578,-4.1020026206970215,1.5226839780807495
YYYNRAI,0.5401218261795185,-2.5665671825408936,-0.30841395258903503
HKHNHHG,0.5299507294699602,0.43329834938049316,-0.5325213074684143
YRRYKNR,0.5301532513070975,-3.642284393310547,0.8837805390357971
YHMIRLN,0.5387941830249522,-2.307682752609253,-0.5875012278556824
YFHNKSN,0.5382316223662377,0.3870723843574524,-0.7167055010795593
YHRSHLN,0.5759906937791553,-0.04284549877047539,0.5229588747024536
YYYHKKK,0.5421695469772393,-3.8972604274749756,0.7460089921951294
YYRAHNL,0.546039964309195,-1.4284961223602295,-0.5262108445167542
LRLHKRN,0.5381866175135406,-3.630077600479126,1.028706669807434
DHRSNTY,0.537736568986569,1.0322322845458984,-2.5040969848632812
YHSYSNR,0.5449373454181147,-1.0206955671310425,0.17507624626159668
ILYYTND,0.524280118030118,-3.5592517852783203,-0.5100308656692505
WHHKLNR,0.531143358066435,-3.618295431137085,-0.5774688720703125
LHYNSTK,0.5259678000062615,0.6179245114326477,-2.317026138305664
YYRYRQR,0.5283755596255596,-3.7011570930480957,0.4276127815246582
YYHKYSN,0.5610940875363952,-0.0621698796749115,-0.06398943811655045
YRYYYNR,0.5403918552957014,-4.360800743103027,0.20452958345413208
YHYAHAH,0.5429571318994396,-1.6468262672424316,-0.012387249618768692
IYSRCKN,0.5481776948123103,-4.672974586486816,2.1386830806732178
YHFKLHY,0.5316159090197552,-1.5296006202697754,-0.7894673943519592
YYYHKNN,0.5590913715913716,-0.4374571442604065,-0.20322826504707336
YHYYRLR,0.5410444256598103,-3.503817319869995,0.05666305869817734
YHHRRSH,0.5357788578942425,-3.6599109172821045,1.479794979095459
YHSNSGS,0.5431596537365768,0.9553284049034119,-2.719670057296753
YYHHMRS,0.5394242509627124,-2.2472472190856934,0.2911534309387207
YTRSSGK,0.5488977724554648,-3.613588333129883,-0.3718527555465698
YRKHSRR,0.5297032027801258,-4.213199615478516,1.2076913118362427
YMKHNKI,0.534091175918099,-2.1873278617858887,-1.0713253021240234
YYSHSSA,0.5491452991452991,-0.44135159254074097,-0.6944277882575989
QQRYNKN,0.5401893334585641,-2.7148685455322266,-0.16364392638206482
YHHSNGN,0.5531957358880435,0.7740498185157776,-1.2331854104995728
YYYMKSC,0.5289606227106227,-4.513234615325928,0.2127629816532135
YHKIQRY,0.5454549012241319,-3.436549186706543,-0.06991919130086899
YNRHSQL,0.5417870057293134,0.12277639657258987,-0.849402129650116
AHRRYKV,0.5194420963651734,-4.428982734680176,0.531866729259491
YTYSNTR,0.5361839015685169,-0.29777225852012634,-1.3751227855682373
YYYISNS,0.5323809915156068,-3.356412172317505,0.10638855397701263
RYHSMGL,0.537736568986569,-1.1760365962982178,0.18000352382659912
YCHRKSF,0.524122601045678,-4.496162414550781,1.5328000783920288
YMRQYNT,0.5292756566795028,-0.9372722506523132,-1.360535740852356
YRLSELN,0.5452298769606462,-0.22793319821357727,-1.86582612991333
HYHSIKN,0.5379165883973576,-0.23504149913787842,-0.8522696495056152
YCRHRRS,0.539019207288438,-5.273448944091797,1.7879180908203125
YNYRKLN,0.5387941830249523,-1.748557686805725,-0.5131537914276123
LHKISSS,0.5429796343257882,1.7867943048477173,-1.8335036039352417
YHRHNKR,0.5558060173444789,-2.796443223953247,1.152061939239502
HYHHSEN,0.5469625637894868,-0.8058424592018127,-0.37462565302848816
PYYTHQE,0.5142215334523027,-1.7847378253936768,-1.0817546844482422
YHRHNEV,0.5590913715913716,0.9155675172805786,-0.9643131494522095
YHYHSHE,0.5313908847562694,-0.48597899079322815,-1.1045464277267456
PHHMYPL,0.5110036864844557,-1.9213171005249023,-1.9419435262680054
YLHKKGN,0.5506304592843054,-2.493260622024536,0.4430654048919678
YHHLSNR,0.5497303622303622,-0.950249969959259,0.3117615580558777
YLKHRNQ,0.5369714864907172,-3.2201449871063232,0.658456563949585
YYRLKNK,0.5470750759212297,-3.591439962387085,0.5699625015258789
YYHRKNI,0.5573586847625309,-2.794680595397949,1.2260662317276
YHMNRTN,0.5418770154347077,0.2014772593975067,-1.319266676902771
EHNLMSA,0.5240550937666322,0.18767334520816803,-5.254214286804199
HIRSSMK,0.5185645017375786,-4.071291923522949,0.02731306105852127
YNYHSNS,0.5448248332863718,-0.18554839491844177,-1.781333327293396
YHKNDAN,0.5617916627532011,1.2482956647872925,-2.0559043884277344
FSRHSQH,0.5369714864907172,-0.8566157221794128,-0.10467536002397537
HYRHLNQ,0.5407068892645815,-1.8394914865493774,-0.4077945649623871
HHTSGIL,0.5255852587583356,-0.44711485505104065,-3.5416271686553955
YYHHTRS,0.5369714864907172,-2.1121814250946045,0.4711399972438812
YRHNRRR,0.527497964997965,-3.564627170562744,0.3926349878311157
HHRHRMK,0.5354638239253624,-4.083491325378418,-0.07515715807676315
YYYSANN,0.5486952506183276,-1.949946641921997,-0.1152171865105629
IYMLELW,0.4927317162894086,-4.435934066772461,1.0980764627456665
QYYYSMS,0.5388166854513008,-3.990187883377075,0.3756478428840637
HSYHARN,0.5415619814658276,-1.162049412727356,-0.283720999956131
LYYHKNE,0.5481551923859616,-0.649994432926178,0.01678209938108921
YYRKSHN,0.5512830296484142,-3.22255802154541,1.0314669609069824
EHRHQEA,0.523425025828872,1.116076111793518,-3.1341114044189453
YHKQDMN,0.560621536583075,1.1951799392700195,-2.411085844039917
AHLQRLN,0.532268479383864,-0.09406450390815735,-2.113952159881592
YHKSRSN,0.570702623587239,-2.957509994506836,0.9053376317024231
YCRNNNN,0.5562110610187534,-3.0119707584381104,-0.4294503629207611
HHYYRCL,0.5305357925550233,-4.731605529785156,0.6414624452590942
YHKSCNS,0.5592263861494631,-3.0392820835113525,-0.04600982740521431
YHYNHVN,0.549100294292602,-1.7487937211990356,-1.3386832475662231
YYYSSRQ,0.5353513117936195,-2.1667866706848145,0.3173442780971527
YSRCMQN,0.5545233790426098,-3.178010940551758,1.3933217525482178
HHRRRKR,0.5284655693309539,-3.780759572982788,0.5447374582290649
YHHYSLK,0.5396942800788954,-0.896760880947113,0.1302691549062729
YHYHYKN,0.5378940859710091,-0.9758325219154358,-0.7217917442321777
YHYHRSN,0.5721202764471995,-1.2342867851257324,-0.6436439752578735
YSRGNQN,0.5660221189067343,1.7403595447540283,1.7755212783813477
QYRSRKN,0.5373990325913403,-3.8836727142333984,0.755048394203186
YHYSKNQ,0.563839383550922,0.2498597502708435,-0.8402117490768433
LHRNARN,0.5500678986255909,-3.2250001430511475,0.3748539388179779
THRHTKN,0.5366564525218371,-1.997942328453064,-0.012729148380458355
HYKSLSN,0.5440597507905199,1.3117079734802246,0.07016157358884811
YKYHYGN,0.5326510206317898,-0.7976652979850769,-0.5802794694900513
LHKYREN,0.5425295857988166,-0.48921999335289,-0.04635061323642731
TYRRSNK,0.5439922435114742,-3.6295440196990967,0.7050925493240356
YHYSSNL,0.5549284227168843,-1.4899266958236694,-0.11036641895771027
TYRSQNN,0.5460399643091951,0.9874876141548157,-1.374361515045166
YHRMKLN,0.5730428759274913,-2.4265992641448975,0.6091160774230957
YVRAYLR,0.5164492736608122,-4.800405502319336,0.6345473527908325
AHHHLNM,0.5384566466297235,-0.6799432039260864,-1.1350828409194946
NHRYGRN,0.5566161046930278,-3.488931179046631,0.8683915734291077
YKYSKNL,0.5551759494067187,-2.430763006210327,-0.9214842319488525
HSRQSNN,0.5553109639648101,1.2647050619125366,-2.275205135345459
YHSHRLN,0.5553559688175073,0.007251381874084473,-0.13213440775871277
YYYSKNN,0.5553559688175073,-0.27373161911964417,-0.4154312312602997
YHRKKRN,0.5554909833755988,-2.9948527812957764,1.193206787109375
YARHRNY,0.5555134858019473,-3.508641481399536,0.494483083486557
YVYHRAM,0.5555809930809931,-2.9232044219970703,0.3095845580101013
YHRRNTR,0.5556034955073417,-3.3688416481018066,1.0014272928237915
YQHKSGN,0.5557160076390846,1.750249981880188,-1.2700897455215454
YNHYSKN,0.5557385100654332,0.9224408268928528,-1.3321436643600464
EARYSRS,0.5557610124917817,-0.7143833041191101,-1.0142158269882202
YYHKYNQ,0.5557835149181303,-0.393621563911438,-0.5400452017784119
YHKNKYN,0.5559410319025704,-2.061678409576416,-0.24721752107143402
YNRSRHN,0.5560085391816161,-3.656660556793213,0.6233727335929871
HRYNKNY,0.5560085391816161,-3.1951189041137695,0.10006927698850632
LHYHQMN,0.5560085391816161,-1.3945093154907227,-1.550922155380249
ASYHKMS,0.5560535440343133,1.2486032247543335,-1.3029183149337769
YHKQKKN,0.5561435537397076,-2.7944350242614746,1.1705617904663086
YHRHSSS,0.5561660561660562,0.5040158629417419,0.7369729280471802
YYYHKSQ,0.5564585877085877,-0.6067293286323547,0.16847452521324158
YHRYYNQ,0.5565260949876334,-1.4214566946029663,0.9660090208053589
YYHLNSN,0.5565710998403306,-2.3934178352355957,-0.6838548183441162
YHKYSKR,0.5566611095457249,-3.1492910385131836,1.1809793710708618
YSHARIN,0.5566836119720735,0.4313189387321472,-1.7518306970596313
YYHRSLE,0.5567286168247707,-0.6363729238510132,1.157677173614502
YHKMAES,0.5568411289565135,1.7519718408584595,-1.1774574518203735
AQYHRNC,0.5568636313828621,-3.733386516571045,-0.8700922727584839
HRLNNSN,0.5568861338092107,1.7610048055648804,-1.2652634382247925
YHKGSGN,0.5569086362355593,1.7769370079040527,-0.813718855381012
HHRSNNE,0.5569536410882564,0.9393887519836426,-1.4717869758605957
YHKKGNQ,0.5569536410882565,-2.213498830795288,0.6966767311096191
YHKSSES,0.5571111580726965,1.4596813917160034,-1.659035563468933
YSYHKVN,0.5571111580726965,1.0892953872680664,-0.1096782237291336
LHARISN,0.5571336604990451,0.6601442098617554,-1.7009917497634888
YVHSSSN,0.5571336604990451,0.372548907995224,-1.7065781354904175
YSKMGNK,0.557246172630788,-2.1815555095672607,-1.1100801229476929
YHYSSNE,0.5572911774834851,-0.5460550785064697,-0.29355528950691223
YSRYSNC,0.5573811871888795,-2.93935489654541,1.0059891939163208
YKRSSRN,0.5574036896152281,-3.399545431137085,0.8479898571968079
YHRHNTK,0.5574036896152281,-2.6365530490875244,1.0816006660461426
QYYHKVN,0.5576062114523652,-1.0310677289962769,0.4868122339248657
LHKRSNT,0.5576512163050624,-2.638174533843994,0.7638717889785767
IKHKYSR,0.5578087332895025,-4.50103759765625,1.2856295108795166
YHKNNKK,0.5578537381421996,-2.912339925765991,0.7196658253669739
YSHKRSN,0.5578762405685482,-2.5742504596710205,0.48288553953170776
YKRSMNC,0.5581462696847312,-4.241731643676758,0.2367832511663437
YHRGNAR,0.5582812842428228,-3.7996881008148193,1.0098917484283447
NFYHRLR,0.55848380607996,-4.732199668884277,0.7426734566688538
YSRSSEL,0.5585963182117029,1.3275929689407349,1.0528955459594727
HHHIYSR,0.5585963182117029,-2.8730220794677734,0.8002527356147766
LYSRSTK,0.5585963182117029,-4.202505588531494,0.283698707818985
HRLNNLN,0.5586413230644,0.40588828921318054,-0.9562985897064209
DRYHRNV,0.5587088303434458,-1.1479541063308716,0.41509008407592773
YSHYHKS,0.559068869165023,-0.17335662245750427,-0.14086364209651947
YYHYSNN,0.5591813812967659,-1.9357795715332031,-0.6379329562187195
HYHKNEN,0.5592038837231145,0.10724718868732452,-1.1186929941177368
NHHYSKN,0.5592263861494631,-0.15746238827705383,-0.10410154610872269
YYHHRLN,0.5592938934285088,-1.4373432397842407,0.45624488592147827
YTHRSNI,0.5593614007075546,0.46573176980018616,0.18349619209766388
LYSQSVN,0.5594064055602517,-0.2108512967824936,-2.654778480529785
AQYHRSC,0.5594289079866003,-3.762911081314087,-0.32956328988075256
YHRLYGQ,0.5595864249710404,-2.4836843013763428,1.692637324333191
YNKNGLN,0.5596989371027833,2.9890968799591064,-3.3864269256591797
YHRYNGA,0.559766444381829,0.35184136033058167,1.179203748703003
YHSKSQN,0.5598339516608747,1.8056244850158691,-0.8377082943916321
YHYSKNA,0.5599014589399205,1.2883796691894531,-0.24165551364421844
YHYSSNS,0.5599689662189662,-0.2740027606487274,-1.0362917184829712
VYLHRSN,0.5599914686453148,0.2101719230413437,-0.09774436801671982
HYHRNQV,0.5600589759243605,-1.1141685247421265,0.10360600054264069
NAYHRTN,0.5601489856297549,0.6620472073554993,-0.938529372215271
YHRCNGE,0.5602840001878463,-3.060560464859009,0.3809649348258972
RYHRMVH,0.5603065026141949,-4.638072490692139,0.5823785662651062
YHKYSKK,0.5603515074668921,-3.0042147636413574,1.175216555595398
YHKSYNN,0.5604190147459378,0.6912819147109985,-0.6398850679397583
YSRQKSN,0.5605540293040293,-1.7202190160751343,1.4289721250534058
YHYHRNH,0.560621536583075,-0.7398438453674316,-0.5047994256019592
HHHYSKN,0.5607115462884693,-0.4286741614341736,0.4568605422973633
HYHKNKN,0.5608240584202122,-2.5562098026275635,0.9674757122993469
YYHRANR,0.561319111799881,-4.4210968017578125,0.8670294284820557
YHHMSHN,0.5613641166525781,-0.5352221727371216,-0.6270318627357483
YHRYLKN,0.561476628784321,-3.368518590927124,0.6194100975990295
YYRNSNN,0.5614991312106696,0.17729626595973969,-0.09222963452339172
YHRYRSN,0.5615891409160639,-3.772569417953491,1.0591036081314087
YAHRGNN,0.5616791506214583,1.4086107015609741,-0.04961465671658516
RYHRMAR,0.5619491797376412,-4.7501654624938965,1.2868483066558838
YHKHSKN,0.5621066967220814,-1.73552405834198,0.8715049624443054
YHKRSKN,0.5621291991484298,-2.6045806407928467,1.1255888938903809
YHYSKNK,0.5622417112801729,-2.563504934310913,0.6076227426528931
YHRYNNK,0.5623992282646129,-2.863541841506958,0.43726614117622375
HHYSSSN,0.5626242525280987,-0.23050303757190704,-2.0874826908111572
HHYSSSN,0.5626242525280987,-0.23050303757190704,-2.0874826908111572
YYHRLLI,0.5626917598071444,-3.745975971221924,0.5863949656486511
YHKSKKN,0.5626917598071445,-2.380185842514038,1.117161512374878
YHKSNMY,0.5628042719388873,-0.014322653412818909,-0.8785692453384399
HHYSRQN,0.5630517986287217,-1.5507102012634277,-0.1000300720334053
YHKINEA,0.5630743010550703,1.7367463111877441,-2.1233019828796387
YHKSKNK,0.563141808334116,-2.457998752593994,0.7225726842880249
YHKLKNH,0.5632318180395104,-1.9770922660827637,0.22322532534599304
LYSRNKN,0.5633668325976018,-2.493756055831909,-0.2241455614566803
YSYHKSG,0.5633668325976018,1.8982558250427246,0.24893824756145477
YYHRLFN,0.5635018471556933,-3.1071157455444336,1.1943761110305786
HHRYSNS,0.5635468520083905,-0.4053874909877777,1.2860972881317139
QHYSRSI,0.563569354434739,-2.0318799018859863,-0.7693844437599182
HHYHRNM,0.5640419053880592,-1.5558136701583862,0.36062636971473694
YSHRSKN,0.5640419053880592,-2.4046707153320312,0.9460275173187256
YQYHKLN,0.5642219247988478,0.6316189169883728,-0.24547182023525238
YHRSSQY,0.5642444272251964,-1.5049604177474976,1.5286742448806763
YHRCTQN,0.564266929651545,-2.7878167629241943,1.6629581451416016
YHRHKNN,0.564536958767728,-2.122637987136841,1.1477012634277344
YRRSNNN,0.5647394806048652,-2.8668909072875977,-0.3849874436855316
YHRHHNN,0.5650995194264425,-0.1339554488658905,0.36586663126945496
YHRHNNE,0.5653470461162768,0.7177403569221497,-0.3939085602760315
HKYHRSS,0.5653695485426254,-3.146850824356079,1.64484703540802
YHKSLNG,0.5654820606743683,2.1587023735046387,-0.6926412582397461
YHKINSQ,0.5655270655270656,1.4100604057312012,-0.4655337929725647
YHRYQQN,0.565549567953414,-0.08854292333126068,0.04641185700893402
YAKSNNN,0.56608962618578,2.554640293121338,1.2924121618270874
YHRSKNR,0.5663146504492658,-2.8463237285614014,1.1311142444610596
YHRSKNR,0.5663146504492658,-2.8463237285614014,1.1311142444610596
YHYSRNS,0.5672597523559062,-1.3705965280532837,-0.8463799953460693
YHKKGQN,0.5675522838984378,-2.0838215351104736,0.518776535987854
HSRNGAN,0.567912322720015,1.069690227508545,-1.8446203470230103
YHRCTTN,0.568069839704455,-2.84210205078125,1.7593457698822021
YHKSKMN,0.5681148445571522,-1.9956436157226562,-0.21999122202396393
HHYSKSN,0.5682498591152437,-0.13823911547660828,0.2982763946056366
YRYSRTN,0.568339868820638,-3.352229595184326,-0.27911555767059326
YHRSNKK,0.5686549027895181,-3.013817548751831,1.0544044971466064
YHRSRGN,0.5692174634482327,-3.317880868911743,0.8374664187431335
YHKYSEN,0.5697125168279015,1.0137989521026611,-0.3521197736263275
YHRSRNK,0.5699375410913873,-3.313371181488037,1.055562973022461
YHRRSSN,0.5708376381453304,-3.3140482902526855,1.9114617109298706
HNYHRIN,0.5710851648351648,-1.0801769495010376,-0.7055602669715881
YHRNSRN,0.5718052424783194,-3.0161871910095215,0.5027440190315247
YHRSHNQ,0.5718502473310165,-0.20061662793159485,0.4883556365966797
YHRTSKN,0.5725928274005198,-2.0588605403900146,1.1139516830444336
YHRLNEF,0.572682837105914,-0.7558978796005249,0.43016526103019714
YHRQNHN,0.5733354074700228,-0.03934115171432495,-0.17722541093826294
QYHRSNL,0.5737179487179487,-0.6167547702789307,1.1190367937088013
YHRLSNR,0.5774308490654644,-3.1146860122680664,2.1588997840881348
YHRSGNR,0.5797260965530197,-3.8891873359680176,0.8139078617095947
