seq,score
KDHSQQN,0.5297032027801258
AHRVWLN,0.5184519896058357
AHYMSYN,0.5372865204595973
YILPHMN,0.5085059171597633
YRRRDNQ,0.5328085376162299
YHHREDN,0.5416069863185248
PMTRNHF,0.4994824441939827
YHRFPEN,0.5484702263548418
DHLRSNN,0.5393792461100153
HLDRLNS,0.5300407391753545
YYGRSRN,0.5426420979305594
YYHLQSG,0.5415169766131305
LYHRMHN,0.5646269684731222
YDRLNTP,0.5477051438589899
DLHEHNS,0.5256077611846842
YHGLSCN,0.5398292946369869
WRDRSTN,0.5090459753921293
YHAVLEN,0.5290731348423656
CHAWWHN,0.5073357909896371
YESNING,0.5405943771328386
DHHRGSN,0.5442847750540059
YVIPSNN,0.508528419586112
RKRSSDN,0.5252927272158041
YSPRLCF,0.5178444240944241
MLHDNKS,0.5249326883942269
YYRTMNN,0.5538033013994552
YARCQKI,0.5367014573745342
NYARLNN,0.5637943786982248
NDKLGNK,0.5114312325850787
YHRLPDN,0.5669897232397232
SGVDVVN,0.5098785651670267
SHRLGDG,0.5411344353652046
IHRRFDE,0.5259903024326101
DHRGYVE,0.5232450064180834
SIKAKNG,0.5093160045083122
YRMWMNN,0.5182269653423499
CWHSSNN,0.5293881688112457
YHFSMIN,0.5349687705456936
YVLAYNN,0.5182944726213957
YSPDLQN,0.5178219216680755
VHMRHIG,0.5223674117904887
IHVKAYG,0.5128938902977365
YARKNSR,0.5448698381390689
EHRNLHN,0.5357338530415453
YQGRRSV,0.5074258006950315
SQPHNQC,0.5166067906452523
WEFVSFN,0.4853509204470743
VHHRNDN,0.544329779906703
HSRRANW,0.5222548996587458
TRSRSSV,0.5236275476660092
YRQVEHT,0.5149191086691086
YMHPNKH,0.5265753655176733
HHHKVIF,0.5170793415985724
YYARNND,0.5566386071193764
CQEDYTQ,0.5176419022572869
LIDTCFS,0.4908190100497793
GIRRNHN,0.5119937932437932
YSHHKWN,0.5325385085000469
YYHSSYC,0.5343162001815848
VYDDSNY,0.5264628533859304
YFHRQCS,0.5271829310290849
HSRSNNW,0.5507654738423969
YYDPNTG,0.5128938902977365
MYRRSNN,0.5581237672583826
YHRKSNN,0.5720527691681537
MYHRLDN,0.5683848736733352
LSRQHNY,0.522614938480323
YSWFRAN,0.5099235700197239
YHHRFHP,0.5285555790363483
YIHKVRE,0.5304907877023262
SRRTSIN,0.5193520866597789
GHLYSTM,0.5276104771297079
YKSSSHT,0.5309408362292977
CCTASSN,0.5133214363983595
YHHECSN,0.5390417097147866
YEQSLNN,0.5427321076359538
YAHHENN,0.5446673163019317
YHRKSNV,0.5623092185592186
YHMNASN,0.5482226996650074
THRLNNF,0.544599809022886
YSVKINN,0.5344062098869792
EVRSYGA,0.4990548980933596
YHTTLEC,0.5171243464512696
YHHKPVI,0.5207697395197395
YTRIYGN,0.5426420979305595
PHRYRSN,0.5375565495757804
YHRRGNF,0.5575612065996681
LHKSQVV,0.542079537271845
YCYLKHA,0.5243026204564666
RHRNNSN,0.5491678015716477
YNHVWSH,0.5143790504367427
YEHTSSN,0.5454098963714348
CHRSNLH,0.5405718747064902
PYRAMSN,0.5271604286027363
YHWRQSY,0.5116112519958674
YHRCSPK,0.5542308475000783
SNCRWSN,0.4978397670705363
LPNNNNT,0.511948788391096
MYWYANP,0.5058056259979338
YENEMNN,0.529860719764566
YSRSNNN,0.5869043705582166
AHVVSFF,0.5019352086659779
FHWRLIG,0.507988361353746
YYHRSSN,0.5763957374534298
EHKIVGF,0.512218817507279
DGHNLNN,0.5389291975830437
WHRLSDY,0.5403243480166556
YYHAPGW,0.5073132885632886
CHSLNHN,0.5388166854513009
SQFKTYN,0.50364539306847
SYWKSNM,0.5193970915124762
PHRSLYQ,0.521602329294637
CWHMSIN,0.5208372467987853
YHRMKHS,0.5600814783507091
GHRRFNC,0.5234025234025235
YYHRLTF,0.5585513133590057
SHHARNN,0.5432496634419711
NFHRSSN,0.5514180442065058
SWHNSKM,0.5069532497417113
YDRTLRC,0.5226824457593688
IDHRQNR,0.5277004868351022
TPGMHSN,0.5097660530352838
YHRLSHI,0.5723002958579881
YMHRSNA,0.5533982577251808
YYHRFVN,0.558101264832034
YHWLLNN,0.5276779844087536
DYHIESN,0.534361205034282
YHRGVVY,0.5580337575529882
IIFKVNN,0.5069982545944084
YHRRSKT,0.5500904010519395
YHRWSCN,0.5492353088506934
EYRWPNS,0.4989648883879654
VHRGCSN,0.5339111565073104
FLRSQSF,0.5129388951504337
YYRISCQ,0.5406393819855358
LRRDLGE,0.5112962180269873
YHKKSLP,0.5418545130083592
YDYSSNQ,0.5431596537365768
NGTNGNN,0.53296605460067
YHRESLI,0.5469175589367897
YARRYRH,0.5383441344979807
AYRRSNN,0.554883417864187
CHRLSAN,0.5576062114523653
YYQQKES,0.5162692542500235
QCRHLMN,0.5194871012178705
NMRTSSN,0.5254277417738956
NHCNNNG,0.524122601045678
YWHNLNW,0.5309858410819949
YQWRSSN,0.5211972856203626
YHVSSAT,0.5375565495757803
IQHWSNL,0.5074258006950314
YVRWLNS,0.5221198851006543
DWLRWDS,0.48661105632259477
FTHCTMH,0.515436664475126
QKHARES,0.5243251228828152
YWCRESR,0.4981097961867193
LYHGSSN,0.5358463651732882
WYHMVSN,0.5252252199367584
YHRRTLM,0.5434521852791083
YHIRSYF,0.521332300178454
YCHRVQH,0.5373540277386432
KSHYSEN,0.5412919523496447
DQHVVED,0.5039604270373501
LHRVSMA,0.5426871027832566
RHHAKIL,0.5224124166431858
YHRRYNA,0.550810478695094
MKTLNGS,0.5055580993080994
YYRRITL,0.5362064039948655
HYHNMMY,0.5430021367521367
YDNSTPK,0.5161342396919321
HHRRHTN,0.5430471416048339
YYRNGDM,0.5464000031307723
CYARSSK,0.5483577142230989
YHSRSEN,0.5655720703797626
YHHNHVR,0.529748207632823
DHHNYNW,0.5199371497448421
YDRCVDN,0.5362064039948655
YYTNSMT,0.5342711953288876
YVVQVQV,0.5055806017344479
RYRSMCN,0.5338661516546132
SQMRNHS,0.5174843852728468
ISEVGST,0.5015526674180519
RYYMQGN,0.5285330766099996
YHFFPGN,0.5149191086691087
TNRMLKQ,0.5114087301587301
HLSNNNT,0.5356663457624996
DHRSADH,0.5360488870104254
PHHQLNL,0.5338886540809618
YHRSNGN,0.5790735261889108
YYHRSCL,0.5559860367552675
FKMRVAS,0.5031278372624526
CCHRLSG,0.5445998090228859
YHNMWSS,0.5262828339751416
NHMRNCH,0.5227949578911117
YDHDFMN,0.5265078582386274
YLVRNNH,0.5184744920321843
YYRQSNN,0.557831235715851
YHRRVEP,0.5423945712407251
YHHNSNR,0.5391542218465295
DPPQYND,0.5059856454087224
YYRRMKD,0.5360938918631226
YSHQSYN,0.5540733305156381
GWPALTN,0.4786451973951974
LMFREIN,0.5032403493941955
YHRLFNC,0.5618816724585955
YYCRNTN,0.5474126123164584
HHHRNQK,0.5372190131805517
YYRNYNV,0.5396942800788954
WYGGGVP,0.4977722597914906
YMKKQSH,0.5288481105788798
YHHSLAN,0.5475476268745499
WYQCMMN,0.5073132885632885
YHHLDSF,0.5345862292977678
YYHKNFN,0.5529257067718606
YYHRDSN,0.5617916627532011
YHRRSSQ,0.5547934081587927
YYRTSAN,0.5561885585924048
GCHRSKR,0.5213773050311512
KKHKANS,0.5323584890892583
YYINYSN,0.5367239598008829
YHRHRNI,0.5557160076390846
YERWART,0.5126238611815535
YHRDLND,0.5714452036567421
DDRYLRN,0.5314583920353151
GYYNVAN,0.5197121254813563
YHSRLIN,0.5617691603268526
YHGCSSN,0.5364539306846999
QVLKDDY,0.5111837058952443
AHHPNNE,0.5227499530384146
EVHRFFI,0.5146940844056228
WHRNAMN,0.5376015544284775
YVRKSSN,0.545724930340315
YNRRDSN,0.5468275492313954
AEHLSNS,0.5274754625716164
PSHKSHN,0.527610477129708
YRRYSSN,0.5532182383143921
DHPVDES,0.4963771093578786
YFELPWY,0.4795902993018378
YRHINQS,0.5302432610124918
YYRWNEP,0.5215348220155912
YHMMNTN,0.5558285197708274
YAHKHCN,0.5412469474969475
LYNKQKV,0.5282630474938167
YMRRSNQ,0.5371065010488087
YHRRNTL,0.5519130975861745
YECNNDN,0.5301532513070975
YGRTYAN,0.5294556760902914
YYHRSSN,0.5763957374534298
RHHRNMN,0.5530157164772549
HYILGDN,0.5322459769575154
SKHNGVN,0.5401893334585642
QSFNVNN,0.5103061112676497
SDDKRAN,0.5125338514761592
MNHRSKG,0.5301532513070975
YSHSNWE,0.5392667339782724
CFRSSKK,0.5012601358755205
YYNCSYC,0.5202971885664194
YHASKDG,0.5331910788641557
YRVFSNN,0.5296581979274286
YCHRASV,0.5355763360571053
YYRNEVN,0.552048112144266
CCGPFTN,0.49345179393256317
YENQSNN,0.5383441344979807
YEHATNK,0.5308958313766006
YYRYLSN,0.5428446197676966
YVMNHGN,0.5220973826743057
YHRHSNT,0.5663821577283116
KARRLHK,0.5322234745311668
ASHRLNN,0.5484252215021446
FFARCEY,0.5104411258257412
YSRLNVC,0.5671922450768604
HMHRESK,0.5240100889139351
YYRMIKP,0.5287355984471369
YRVMNHV,0.5325610109263955
YYEILFK,0.5069982545944084
YHHHSHN,0.5487177530446761
FYQCFWP,0.47369466359850976
YQNRGSN,0.5344737171660249
PMRAANN,0.5086634341442033
HGHSLNR,0.5259002927272157
YHLNMNH,0.5524981606712376
YAGDSQW,0.5076733273848658
GHQPNEN,0.5171468488776181
RRHPYSN,0.5141990310259541
YYTSNDR,0.5292981591058514
YHHLQTN,0.5530607213299521
PSRRTGS,0.4977047525124449
YHALSSN,0.5618366676058983
EIGMLHG,0.5051530556338248
GYHPWAQ,0.49729970883817043
YSHRARK,0.541651991171222
HHRSSYQ,0.5342486929025391
YHHGLIN,0.5394692558154097
YYLRSVN,0.5526106728029805
YMANKFF,0.5054230847500079
YDRRTNY,0.5292081494004571
YYHCNGR,0.5250677029523183
KHIRNHH,0.5226374409066716
QGAAVFN,0.4947569346607808
YYEIHNQ,0.5330335618797157
FHHDARH,0.513883997057074
YHLRSHR,0.5387041733195579
YVHFCSR,0.5219623681162142
TNRKYSI,0.5144915625684856
NYWRYIM,0.5066607181991797
GYRVNNN,0.5427096052096052
YGRTSET,0.5319084405622867
YHHHVNN,0.5465125152625152
IDRPTME,0.4845408330985254
YRFRVSF,0.5080108637800945
YVRANHN,0.5499103816411508
QDHLNCP,0.514041514041514
KHRYCFN,0.5288031057261826
YYRMPHN,0.537196510754203
QYLALYQ,0.5118362762593532
HKHRGSN,0.5443747847594002
TYNRENN,0.5476601390062928
THALLHN,0.5251802150840612
LHRKSEG,0.538006598102752
QYHDMSG,0.5380741053817977
QAHHSNT,0.5321784696784697
YHRRCHH,0.5486727481919789
YHHMWHN,0.5284880717573025
KGILVNQ,0.504342968285276
YHYRSYN,0.5441047556432171
RYPRNDL,0.5223899142168373
DITRYQS,0.5108911743527128
FYHRTDP,0.5481551923859617
RRREASN,0.5127363733132964
ECRNREN,0.5132314266929652
YHADNAS,0.5324935036473498
QYHNSNT,0.5509004884004883
YHRIKLW,0.541651991171222
GYRSLMS,0.5220748802479571
RYVNLRF,0.5109136767790614
YHHNFNN,0.5470300710685326
RHRRNNN,0.5475251244482013
YMECMLN,0.5173718731411039
YHKRDNR,0.544172262922263
WHCREQN,0.5107111549419241
YHRDLVD,0.5509904981058827
YYSVSEN,0.5410669280861589
YWHRNIN,0.5390867145674837
YNQYQFT,0.5188795357064588
PHRRWNM,0.5138389922043769
YHSRDNN,0.5563010707241476
GRRWARN,0.5010801164647318
DHRLQYS,0.5451173648289033
YGRRNNN,0.5400993237531699
YSYLNTT,0.5331685764378072
THLRWWM,0.49765974765974763
LKHKCNI,0.5255627563319871
YEHRDSV,0.5322459769575154
YYPKHNN,0.5250226980996212
VYDNNIN,0.5346087317241164
YYLQSLN,0.5415844838921762
HHPWLCN,0.4912690585767509
YHRSHWW,0.5511030102376255
HLRKNPD,0.5281730377884224
MFRRNSK,0.50348787608403
YHRPWQL,0.5238750743558436
QHHLNNN,0.5476151341535958
YHHYNWN,0.5359813797313797
YHCKGRC,0.5221873923797
VTFRIWN,0.48834374315143547
YHLRNIN,0.5510130005322312
PHMRSGQ,0.5236275476660093
YHHCCQN,0.5399643091950784
HIVRMNF,0.5128713878713879
MHPRYCD,0.5101485942832097
DTWRCAK,0.4826956341379418
YYHTSQG,0.5332810885695501
YYRRSNH,0.5534882674305751
YHQNFMT,0.5312108653454807
AQHSSDR,0.5145365674211828
AYRGYCM,0.5094285166400551
YHEQSCT,0.531570904167058
LHHPVTN,0.5159542202811433
QRSTNSN,0.5247526689834382
YMHRNIR,0.5423270639616794
YRKRAQA,0.5206572273879966
MTDKPTY,0.491156546445008
YSVKPLS,0.5086409317178548
DQRCNTS,0.5064806987883911
QHGFKHS,0.5038479149056072
QHCLNNS,0.5294106712375943
DFRTIDQ,0.4932717745217745
YHRRNMN,0.5759456889264581
YHQRSTN,0.5586863279170972
GHRRLSN,0.5384116417770264
SEHDTNS,0.5181819604896527
YCRILRK,0.5282405450674681
YSRNMHY,0.5622192088538241
SQHRASW,0.5141990310259541
LHRSNSE,0.5521831267023574
YVPLSVD,0.5027002911618297
YQGDSKN,0.5186095065902758
FNGRIST,0.5037129003475157
LYSRNSD,0.562174204001127
YYHRSYR,0.5528131946401177
YHIKNNN,0.5439697410851256
IHGNIHN,0.5270254140446448
CARASKA,0.5077858395166087
YSRMSYN,0.5710176575561191
SILFVIF,0.4858009689740459
YAHRQRN,0.5453648915187377
ASSRHAN,0.5279930183776337
YHKLQDM,0.5594514104129489
QYHHDRQ,0.5249326883942269
YHSRTVT,0.5500228937728937
DHRNSSN,0.5485152312075389
FRIHIPF,0.49826731317115935
NHTENSP,0.5139965091888169
YYSRANN,0.5718052424783194
YGRLHYG,0.5421695469772393
YYHRMPD,0.5571786653517423
HCNLKNN,0.527767994114148
LKHRLMN,0.5458599448984065
MHDIYTW,0.5119262859647475
YYSSLGN,0.5446673163019317
WRNNSSN,0.5072457812842428
YGRHLQA,0.5287581008734854
YHKYSSN,0.5703650871920103
YDRNGNL,0.5470525734948812
CWTYSHN,0.5236275476660093
VFGIHNW,0.49970746845746844
YHRDSMF,0.5433846780000626
YHRNGAI,0.5614766287843211
YHPVPNQ,0.5216248317209856
YYRRSQQ,0.5438347265270342
YYHRIWN,0.5454098963714348
LYHRHNN,0.5619041748849442
YRRKQVR,0.526260331548793
PHFHAAT,0.5045904949751104
YLELKSN,0.5230199821545976
EYCRKDN,0.5282405450674682
GTKNLSN,0.5204097006981623
CQFRDCH,0.5052655677655677
YHRRASR,0.5485152312075389
YHLKSNF,0.5431371513102282
MHRKLNR,0.5391092169938324
YSRRSSG,0.5476601390062928
YHYLRDN,0.552475658244889
DLWSTNN,0.5052430653392191
NHHRSHN,0.544599809022886
VVCQKMV,0.49162909739832816
QLFYSWD,0.5045904949751103
YTHHAMF,0.5314358896089665
YHHGQAN,0.5401893334585642
LYRPTPP,0.5103736185466955
EHHPLCL,0.5014851601390062
YEHRLQY,0.5461749788672865
SYRRINN,0.547007568642184
DHRCISN,0.5348337559876022
YSDTANR,0.5283980620519082
IYLILSS,0.5119712908174446
YHRRLMQ,0.5458149400457093
HCRLNSN,0.5546583936007012
TNHKIRE,0.5230874894336432
YYKLIRN,0.5288031057261826
HPWLCCV,0.4803328793713409
WGHLNMN,0.517416877993801
YCRLSKP,0.5423720688143765
QPSHPSL,0.49826731317115935
YYHRSMN,0.579276048026048
HRMNLSN,0.5515530587645973
YYSLLNN,0.5430696440311825
YQSRSSN,0.5510580053849284
VQHRVIN,0.5397842897842898
YHLRMKH,0.5336861322438246
CSMMRQN,0.5008325897748974
YCHKYDN,0.5344962195923735
WPNKNSN,0.49709718700103317
NIKSVQN,0.5146040747002285
LARKGHG,0.5130739097085251
VLLRVFP,0.48755615822923515
PGNAVSL,0.4976822500860963
YDGCRSC,0.5052205629128705
NIGRQKS,0.5063456842302996
YYHLCAL,0.5276779844087537
EHLTIFM,0.4988073714035252
YCRRNNC,0.5376465592811747
FFNGMGR,0.5002025218371372
MYVRWNG,0.5170568391722238
DLHNHQG,0.5212647928994083
YHRESFS,0.5441497604959143
YYGRSWC,0.5180019410788642
LAKASLH,0.5173943755674525
MYGEMHC,0.5183169750477443
YNYFNYN,0.5282855499201653
SYTLKTE,0.5109586816317586
EHQDNHE,0.5301532513070975
YYHSVSN,0.5492353088506934
YSRLSNE,0.571557715788485
YQVPSNN,0.5128263830186908
DHHRSEE,0.5346087317241163
NERNSEC,0.504928031370339
YYRNGKN,0.5592263861494631
YVRNSSP,0.5315033968880123
IYLRICT,0.5253377320685013
QYQLSHN,0.5355988384834539
YHHQTDI,0.5293656663848971
YHYYETL,0.5264628533859302
RFHMDQQ,0.5137264800726339
YHRILQM,0.5573586847625309
MGVNQVN,0.5276554819824051
YHRFGNN,0.5768007811277042
LPRRSNK,0.5084609123070662
YHRKSAN,0.5721202764471995
YEERKYN,0.5123538320653706
YYHRTNR,0.5623317209855672
NSHYSYN,0.5373990325913403
EYARGLN,0.5609590729783037
YIRKSNS,0.5347212438558593
YYRHDCA,0.5307383143921605
YHHTSTN,0.5561435537397076
YALLSWV,0.5035553833630757
AHPNLGN,0.5177094095363326
YYHYNIF,0.5312108653454807
YVHRSDM,0.5397617873579412
DYHRLVD,0.5622642137065214
RPRKASN,0.5062106696722082
YHYLDMN,0.5461299740145894
WHHKRAN,0.5256752684637299
GHYRVSN,0.5358688675996368
THNSSHW,0.5141540261732569
YAVCMST,0.5120613005228389
SYRCINF,0.5194195939388248
HLRHIVQ,0.5132314266929652
YMILSSQ,0.5122638223599763
YQGQLDQ,0.5124888466234621
YMKQIND,0.5382091199398892
PVHRLGN,0.5393792461100154
WNHVNKY,0.5049730362230362
EYHRNIN,0.5728853589430511
YHYYQMN,0.5428896246203938
EYRHRPN,0.5415619814658277
YHLPMWM,0.4971646942800789
YSRRLNW,0.5443972871857488
ACQLQHN,0.5165617857925551
YSISDNS,0.5403018455903071
RYRYRVN,0.5341136783444476
VARYGDN,0.5286905935944397
NWHDYSN,0.5279930183776338
NHILDNN,0.5246176544253467
EIGMVFN,0.4930467502582887
NRLLSNK,0.5257427757427757
YHRCLSR,0.5613641166525781
EHRLLVH,0.5292756566795028
IWQRNLN,0.5116337544222159
YHRYFSL,0.5422595566826336
YHHSLNI,0.5496628549513165
YSRAKQN,0.5592263861494631
IYDDLMN,0.5244826398672552
YHRYLPH,0.5447798284336746
CNHLESN,0.5246401568516953
YHHCNNH,0.5505629520052596
YYMDLYN,0.5167643076296923
THRMNAT,0.5429571318994396
CNHIWNN,0.5042529585798816
YYHRSNE,0.5720977740208509
YHREQKN,0.5605540293040293
YCYRMNN,0.5409319135280674
YHSRSNN,0.5752481137096521
YYRRMNN,0.5554009736702044
YHRNNND,0.5744605287874518
YHHLNNN,0.5683848736733352
YHRLMAN,0.5710851648351648
YYRYSNS,0.5520031072915688
YHSSNNN,0.5598339516608747
KHRSIDS,0.5301082464544002
YHRRSHN,0.5660671237594315
YYHRNKS,0.5543208572054726
YHRNSTQ,0.5620391894430355
YHHRQIN,0.5489427773081619
YHHRSKN,0.5515080539119
YHHLNNN,0.5683848736733352
YHSNISD,0.5471425832002754
YYHLNNN,0.5567961241038164
YYRNMNS,0.5536232819886666
YHSINHN,0.5558285197708274
YYRRHSN,0.5414269669077361
YHHRSTQ,0.5390867145674837
YHRRNNH,0.5653020412635797
YYRNLNN,0.5591588788704173
YHHRHSH,0.5390867145674838
YYSSNNN,0.5583262890955198
YHRRNPN,0.5741679972449204
YHRNLNN,0.579006018909865
YSRSNHN,0.5830114507999122
YYRRSNN,0.5624217306909615
YYRSMAN,0.5563010707241476
YHHNSSN,0.5564360852822391
YYRRIHH,0.5392667339782724
YYHRSRS,0.5641319150934535
YHSRSSN,0.5703200823393131
YHHRSAN,0.5565936022666791
YHRSLSN,0.5752481137096521
LHRRSNN,0.5617916627532012
YHRNSAN,0.5779484048714818
YHHRSSD,0.5459949594564979
YHRHHSN,0.5630067937760245
YHRRLDA,0.5461749788672866
YHRRSSN,0.5708376381453304
YHHSSSN,0.5635468520083904
YVRRKSN,0.5320209526940296
YHRCSTN,0.5794560674368366
IYHDSNN,0.5455224085031777
YYHRSNS,0.5745955433455433
YHRHNNN,0.5741679972449203
HHRNSNN,0.5568411289565135
YYRKSLN,0.5571786653517423
YYKRSNN,0.5641769199461507
YHHNMSN,0.5561885585924047
YHRRNNN,0.5714902085094393
YYRMINH,0.5466475298206067
YHHRSFN,0.5444647944647945
YHSRSKN,0.562984291349676
YYHRSMN,0.579276048026048
YYRRING,0.5489652797345105
YHRNLNN,0.579006018909865
YHHSIKN,0.537894085971009
YHYRSHN,0.5477276462853385
YRHRSNN,0.5589338546069315
YHRRSND,0.5614316239316239
YYRRSNS,0.5549284227168843
YHRNSNC,0.5703650871920103
YHHRSNN,0.5616116433424125
YHHSNHP,0.5430921464575311
YYRRNST,0.5423270639616793
YYHRNEH,0.5605990341567265
YHRSSPP,0.5658195970695971
YYRRKTG,0.5286230863153939
YHRRSNN,0.5698250289596443
YYRLNNM,0.5579212454212454
YYRRNNN,0.5539158135311981
YYHRSNN,0.5811212469866316
YYRRNYN,0.5480876851069159
YHRLNNN,0.5909998121536583
YSHNNNN,0.5627367646598416
YYHRSNR,0.5698025265332958
HHRRSSN,0.5528131946401177
YHRRNPN,0.5741679972449204
YHRRSNN,0.5698250289596443
YYRRNNN,0.5539158135311981
YHHSNSN,0.5633668325976018
YYHLNNK,0.5437222143952913
LYQRYLN,0.545724930340315
YHNSNAT,0.5438122241006856
YHSRNSY,0.5464225055571209
YYRRNNN,0.5539158135311981
YYHRSNN,0.5811212469866316
YHHRLNN,0.5644919539150308
YYVSISY,0.5123088272126733
YHRMSNN,0.5913598509752356
YHRILNM,0.5690824488901411
YYHRSSQ,0.5644694514886822
YHHKSNS,0.5485377336338875
YYRRSPS,0.5395142606681068
LHHMNDQ,0.5448023308600232
YHRRSSN,0.5708376381453304
AYARNTN,0.5588438449015372
LHHRGNN,0.5513730393538085
YHARVNS,0.5529707116245577
YHHSNNN,0.5624217306909615
YHHRHSV,0.536071389436774
YYSRNMN,0.5727728468113082
YHHSDSI,0.5342711953288877
YHRNMNN,0.5812337591183744
YVRNNSN,0.5531057261826493
YHRLSMN,0.5894246423092577
YHHRSKC,0.5356888481888482
YHRKSDN,0.5707926332926333
YYRILLN,0.5441497604959143
CYHLSTN,0.5480426802542187
YHRRMSN,0.5639743981090135
YHHRIMS,0.5455449109295263
HYHRNNN,0.5726603346795655
YYRSAKN,0.554028325662941
YYHRNNN,0.5718502473310165
YYRNSAN,0.5578537381421996
IYKRSMN,0.5657070849378542
YHSKSSN,0.560621536583075
YYRSSKF,0.537466539870386
YYRRASN,0.548830265176419
YHSSSNN,0.5626242525280987
YHHPSAN,0.5288256081525313
YHHNSSR,0.5362739112739112
YHHDRQN,0.5328085376162299
YYRRNNA,0.54405975079052
YHRSTSN,0.5755631476785323
YHHRNTN,0.5555359882282959
YHRIGSN,0.5860717807833192
MCHKNDN,0.5309408362292978
YHHNNDN,0.5570211483673022
YHHSSNN,0.5605990341567264
YYHNSNN,0.5585063085063084
YYHRSSN,0.5763957374534298
YYVRMAN,0.5429121270467424
YHHRDMV,0.5365214379637456
YYHYLNT,0.5412919523496447
YLRRTTN,0.5418320105820106
YHRRNKN,0.5676197911774835
YYSRNNN,0.569037444037444
IYRSCNN,0.539446753389061
YYSMLNN,0.5449598478444633
YHSMMNN,0.5502029131836824
YYRRMNN,0.5554009736702044
YDRRNFN,0.5362514088475627
YYHRSSN,0.5763957374534298
CHHLQSN,0.5385016514824207
YHHRSNL,0.5525206630975862
CYHRNNN,0.5694199852853699
QHHRNSK,0.5301532513070975
YHHRMHN,0.551238024795717
YHHLSNC,0.5546133887480041
YHHRSNL,0.5525206630975862
YHHLNSN,0.5672372499295576
YYHNQNN,0.5534882674305751
YHRNSSC,0.5585513133590057
YHHANSN,0.5559410319025704
YYRRNNM,0.5452073745342976
YHRISHN,0.5827189192573807
YYHRSNN,0.5811212469866316
YHHKSNN,0.5573136799098337
YSRRNNS,0.5559860367552675
YYHRSAN,0.5764632447324755
YYRMSNQ,0.5573361823361823
LHHRLNN,0.5620841942957328
YYRILKN,0.5411344353652046
YHRMYNN,0.5701400629285244
DSHKLNH,0.5377140665602204
YDHLYKN,0.5346312341504649
YYRMSSH,0.5515980636172944
YYRRSSN,0.5580337575529883
YHHKSNN,0.5573136799098337
YYHRSNN,0.5811212469866316
YHSRNYV,0.5509904981058826
YHHISNN,0.560779053567515
YHHSLNN,0.5543658620581697
YHHRRSN,0.545184872107949
YYHRSSN,0.5763957374534298
YHRRSMH,0.556391080429542
YHKRNNN,0.5629617889233274
YHHRSSR,0.5447798284336746
YHHMSTS,0.5455674133558748
YYRRNSN,0.5532857455934379
YHSCSSN,0.5479526705488243
YHRRSNN,0.5698250289596443
STRLSNN,0.5393792461100153
YYHSSTN,0.5612966093735324
YHRQSSR,0.5574486944679252
YHRRSSN,0.5708376381453304
YHHSHNY,0.549527840393225
YYRRSHN,0.5500904010519395
YHRNSSN,0.5802211499326884
YHHRSNN,0.5616116433424125
YYRNSSN,0.5607340487148179
YHHRKSS,0.5380516029554491
YHRRNKN,0.5676197911774835
YHHRSSN,0.5561660561660561
HYHNAMN,0.5472100904793212
YYHMNSN,0.5546358911743526
YYRRVYN,0.5346537365768135
HHHRIIN,0.5479076656961273
YHKRVNQ,0.5556259979336903
YHKHLNN,0.5613641166525781
YYRRNMN,0.5592038837231145
FYDLLHN,0.5257202733164272
YHHISSN,0.5599464637926176
YHRRSNN,0.5698250289596443
YHHLTSN,0.551778083028083
YSHRLNN,0.5737629535706459
YHRSSSN,0.5875569409223256
LHHRSND,0.5499103816411509
YHHNSTN,0.5546808960270498
YHRNSLN,0.572525320121474
YYHRSSN,0.5763957374534298
GYKRSNN,0.5556710027863874
YHRRLSN,0.5624217306909615
YYHRIKT,0.5520031072915689
YSRRTNN,0.5573811871888795
YYHMSSN,0.5560985488870104
ILRRSSR,0.5202971885664194
LHRRGNN,0.5598339516608748
YYHLNPN,0.5498203719357566
YHRRSNS,0.5598114492345262
YYRRGNN,0.5564810901349363
YERRMST,0.5335061128330358
YYRRQNN,0.5515980636172944
YHHMSDN,0.5626917598071444
YYHRYSN,0.5668097038289346
YYHSSNN,0.5591813812967659
YHHSRNL,0.5560760464606618
YHRRSNN,0.5698250289596443
YHHRSNN,0.5616116433424125
YHRHSDN,0.5706576187345418
NYHRNNN,0.5724578128424282
YYRMLNN,0.5538933111048495
YHHRNSN,0.554028325662941
YHRRSNN,0.5698250289596443
HYARGSN,0.5590238643123259
YYHKLNN,0.5709276478507248
YHRISSN,0.5873994239378855
YHRISMN,0.5860492783569706
YYHKLTN,0.5632318180395103
YYRLSNN,0.5679348251463636
YYHSNNN,0.5566386071193763
YHHLSSN,0.5652795388372311
YHRSSSN,0.5875569409223256
YHHNSNN,0.5565260949876334
IHRRSSS,0.5414944741867819
YHSRSAN,0.56957750226981
YYHRSLN,0.5764857471588241
YYRLNNN,0.5686549027895181
YYRYNDN,0.5539158135311981
GHRKSSN,0.5468050468050468
YHRLSAN,0.5889970962086346
YHHRRNT,0.5395817679471525
LHHRSDN,0.5485152312075389
LSRHSVH,0.5254952490529413
YYRQINN,0.5532407407407407
YHRHNNG,0.5614991312106696
YHRRSNN,0.5698250289596443
YYHRLSN,0.5801986475063398
YHHNNND,0.5541408377946839
YHHRLHN,0.5545233790426098
YYRRNSN,0.5532857455934379
YYHNNCR,0.5329210497479728
YYRRTVI,0.5323359866629097
LHHKNNN,0.5463549982780752
YHSRSNR,0.5639293932563163
IHRESIN,0.5496178500986193
YHHNNSS,0.5431596537365768
YHRHSNN,0.572795349237657
YHHLSNN,0.565392050968974
YYHRTND,0.5665396747127516
YYRRSNY,0.5509454932531855
YHRRSGN,0.5687449124949125
YHRKTNN,0.5628267743652359
YYRRSFS,0.5329660546006699
YHHLSGS,0.5505179471525625
YYHRSNN,0.5811212469866316
YHRRLAN,0.5581237672583826
YHHRSNN,0.5616116433424125
YHRRQNN,0.5637718762718762
RYHMSNS,0.5455224085031777
YVRRDNN,0.5323809915156069
YYHNLNN,0.5625792476754015
HSRRSSQ,0.5357563554678939
IYRRSSN,0.5579437478475939
YYRSSNN,0.5659996164803857
YHRRNAN,0.5718052424783194
YSRCSNQ,0.5607115462884694
YYKMSNN,0.5572011677780908
YYRKNTN,0.5582587818164741
YRRNSHS,0.537196510754203
YYHRSNN,0.5811212469866316
YLRILNN,0.5446448138755831
YHLRLSN,0.5537132916940609
YHRMNHS,0.5755406452521836
YHRKSMN,0.5755406452521837
YHRKSMN,0.5755406452521837
YYHRLNR,0.5756081525312294
YHRLNSV,0.5756081525312294
YSRLGHN,0.5756756598102751
YHRNASN,0.5756981622366237
YHRCSNN,0.5756981622366237
YHRNASN,0.5756981622366237
YHRCSNN,0.5756981622366237
YYHRLNS,0.5758781816474123
YHRYNPN,0.5758781816474124
YHRYNPN,0.5758781816474124
YHRYNPN,0.5758781816474124
YHRMKNN,0.575900684073761
HYHRISN,0.5759456889264581
HYHRISN,0.5759456889264581
YYHRSNT,0.5761032059108981
YYHRSQN,0.5761482107635953
YYHRSQN,0.5761482107635953
YHRLNLK,0.576170713189944
SYHRMNN,0.576215718042641
YYSRSAN,0.5762382204689898
QYHRLSG,0.5763732350270812
YYHRSSN,0.5763957374534298
YYHRSSN,0.5763957374534298
YYHRSSN,0.5763957374534298
YYHRSSN,0.5763957374534298
YYHRSSN,0.5763957374534298
YYHRSSN,0.5763957374534298
YYHRSSN,0.5763957374534298
YYHRSSN,0.5763957374534298
YYHRSSN,0.5763957374534298
YYHRSSN,0.5763957374534298
YHRSNSQ,0.5763957374534298
YYHRSSN,0.5763957374534298
YHRCNSN,0.5763957374534298
YYHRSSN,0.5763957374534298
YYHRSSN,0.5763957374534298
YYHRSTN,0.5764182398797784
YYHRSTN,0.5764182398797784
YHRCSSN,0.5766432641432642
YHRYSVN,0.5767782787013556
YHKLNHN,0.5768907908330985
YSRSNNK,0.5769357956857957
FYHRSNN,0.5770708102438872
YHRSHNN,0.5770933126702358
YYSRSSN,0.5771833223756301
YYSRSSN,0.5771833223756301
YYHRINN,0.5772058248019787
YYHRINN,0.5772058248019787
YHRYNNN,0.5773408393600701
YYSRSQN,0.5774083466391159
YHRLSNR,0.5774308490654644
YHRLTSN,0.5774308490654645
YHRLHIN,0.5775658636235559
YHRSINL,0.577723380607996
IYHRLSD,0.5778133903133903
YHRLTDN,0.5778133903133903
YHRMNDQ,0.577880897592436
YYHRSVN,0.5782409364140133
YHRSHSN,0.5783984533984534
LYSRSSN,0.578578472809242
LYSRSSN,0.578578472809242
YHRASQN,0.578848501925425
CYHRLNN,0.5788935067781221
LYHRSNN,0.5789160092044707
YYHRMSN,0.5791860383206536
YYHRMSN,0.5791860383206536
YYHRMSN,0.5791860383206536
YYHRSMN,0.579276048026048
DYHRLND,0.5800636329482483
YHKSNSN,0.5800861353745969
YYHRMNN,0.5801086378009455
YYHRLSN,0.5801986475063398
YYHRLSN,0.5801986475063398
YYHRLSN,0.5801986475063398
YYHRLSN,0.5801986475063398
YHRNSSN,0.5802211499326884
YHRNSSN,0.5802211499326884
YSRSNNS,0.5804686766225228
YHRLQSN,0.5805361839015685
YHRNNSN,0.5806937008860086
YHRSSKN,0.5808737202967972
YHRLSNV,0.5808962227231458
NYHRLNN,0.5809187251494943
IYHRSMN,0.5810537397075859
YYHRSNN,0.5811212469866316
YYHRSNN,0.5811212469866316
YYHRLNN,0.5811212469866316
YYHRSNN,0.5811212469866316
YHRNNAN,0.5811212469866316
YYHRSNN,0.5811212469866316
YYHRLNN,0.5811212469866316
YYHRSNN,0.5811212469866316
YYHRSNN,0.5811212469866316
YHRNMNN,0.5812337591183744
YHRSLNN,0.5813237688237688
HYHRSNN,0.5813237688237688
YHRSLNN,0.5813237688237688
YSRLSNN,0.5819763391878776
YSRLSNN,0.5819763391878776
YSRSNKN,0.5828089289627751
YHRSSHN,0.5830564556526094
YHRSSHN,0.5830564556526094
YSRMNSN,0.5834389969005354
YHRSQMN,0.5835740114586269
YSRLNSN,0.5844066012335243
YHRNGAN,0.5844741085125701
YHRSSDN,0.5846316254970101
YHRNGNN,0.5852841958611189
YHRSSAN,0.5854867176982561
YHRSATN,0.5857117419617419
YHRSNHN,0.5866118390156851
YHRMSHN,0.586724351147428
YHRMSHN,0.586724351147428
YHRISNN,0.5867918584264737
YHRLSHN,0.5868143608528223
YSRSNNN,0.5869043705582166
YHRISSN,0.5873994239378855
YHRISSN,0.5873994239378855
YHRSSSN,0.5875569409223256
YHRSSSN,0.5875569409223256
YHRMNHN,0.5877144579067655
YHRSNNN,0.5885245452553145
YHRINTN,0.588817076797846
YHRSNAN,0.5892221204721204
YHRLSNN,0.5906847781847782
YHRMNSN,0.5908647975955668
YHRLNNN,0.5909998121536583
YHRLNNN,0.5909998121536583
YHRMSSN,0.5910898218590527
YHRSNSN,0.5911123242854012
YHRSNSN,0.5911123242854012
YHRSNSN,0.5911123242854012
YHRLSSN,0.5911348267117498
YHRLNMN,0.5920799286183901
YHRLNSN,0.592192440750133
YHRLNSN,0.592192440750133
YHRLNVN,0.594982741617357
