seq,score
YHRLGIN,0.5926649917034532
YHRSGLN,0.592619986850756
YHRSNTN,0.592304952881876
YHRLSQN,0.5922374456028302
YHRMSNN,0.5913598509752356
YHRSGSN,0.591337348548887
YHRLGMN,0.5912698412698412
YHRLSSN,0.5911348267117498
YHRSNSN,0.5911123242854012
YHRSNIN,0.5910898218590527
YHRSGNN,0.5909998121536583
YHRLNNN,0.5909998121536583
YHRMSMN,0.590909802448264
YHRMNSN,0.5908647975955668
YHRLSNN,0.5906847781847782
YHRSSTN,0.5905722660530354
YHRLGNN,0.5904147490685953
YHRSGEN,0.5900772126733665
YSRSGLN,0.5899872029679721
YHRLGSN,0.5898971932625778
YSRSNTN,0.5895596568673491
YHRLSMN,0.5894246423092577
YSRSNSN,0.5893346326038633
YSRSGSN,0.5891096083403776
YHRIGTN,0.589087105914029
YSRSGNN,0.5887720719451489
YHRSNNN,0.5885245452553145
YHRISVN,0.5883445258445258
YHRSNQN,0.5881870088600858
YHKSGTN,0.5880069894492972
YHRLSLN,0.5880069894492971
YHRINNN,0.5878494724648571
YHRSSSN,0.5875569409223256
YHRISSN,0.5873994239378855
YSRSNNN,0.5869043705582166
YHRISNN,0.5867918584264737
YHRSNEN,0.5864543220312451
YHRLGYN,0.5862067953414107
YSRSSSN,0.5859817710779249
YHRSSNN,0.5858467565198334
YHRSANN,0.5857117419617419
YHRLGGN,0.5855767274036504
YHRSSAN,0.5854867176982561
YHRLANN,0.5853742055665132
YHRVNMN,0.585171683729376
YHKSGVN,0.5848791521868445
YHRSGGN,0.5847666400551016
YHRSSQN,0.5846766303497073
YHRSMNN,0.58431659152813
YSRSSNN,0.5840690648382956
YHRMSNT,0.5839115478538555
YHRNGSN,0.5835965138849755
YHRSVNN,0.5834840017532326
YHRSINN,0.5834840017532326
YSRMSNN,0.5833714896214897
YARSGIN,0.583303982342444
YHRVSNN,0.5833039823424438
IYHRSGN,0.5830114507999123
YSRSSAN,0.5829889483735637
YHRAGSN,0.5829889483735637
YSRMSPN,0.5829664459472151
LYSRSGN,0.5828989386681694
YSRSMNN,0.5828539338154722
YHRSQVN,0.5828314313891236
IYHRLNN,0.5826964168310322
YHKSSTN,0.582651411978335
VYHRSGN,0.5825614022729407
YYSRSNN,0.5824263877148492
YSRAGIN,0.5823813828621521
LYSRSNN,0.5822913731567578
YHRSSEN,0.5821338561723177
IYHRSNN,0.5820888513196205
QYHRSNN,0.5820888513196205
IYHRMNN,0.5820888513196205
RYSRSNN,0.5820213440405748
YSRLSNN,0.5819763391878776
KYHRLNN,0.5819088319088318
YHRSASN,0.5818413246297862
QYHRSGN,0.5815937979399518
YHRSNNS,0.581526290660906
YHKSGNN,0.5814587833818603
VYHRSNN,0.5814362809555117
YSRSINN,0.5814137785291631
YYSRSGN,0.581368773676466
YHRSAIN,0.581368773676466
NYHRSNN,0.5813237688237688
HYHRSNN,0.5813237688237688
YHRSLNN,0.5813237688237688
HYHRSGN,0.5812337591183745
RYHRSNN,0.5812337591183745
VYHRMNN,0.5812337591183745
IYSRSNN,0.5811437494129802
YYHRSNN,0.5811212469866316
YYHRLNN,0.5811212469866316
YYHRSGN,0.5810312372812373
KYHRSNN,0.5808962227231458
HYSRSGN,0.58051368147522
YSRLSMN,0.58051368147522
NYHRSGN,0.5804236717698256
HYSRSNN,0.5804011693434771
YYHRLSN,0.5801986475063398
VYSRSNN,0.5801311402272941
YYHRMNN,0.5801086378009455
YSRSLNN,0.5800636329482484
NYSRSNN,0.5798611111111112
DYHRSNN,0.579703594126671
YYSRSMN,0.5795010722895338
YSRINNN,0.5794110625841395
YYHRSMN,0.579276048026048
YSRASNN,0.5790510237625622
YHRSDNN,0.5790285213362136
YYHRSVN,0.5782409364140133
MYSRSNN,0.5782184339876648
YHRGMNN,0.5781284242822704
VYHRMGN,0.5780834194295733
YYHRSIN,0.5780834194295732
YHRLMNN,0.5780159121505275
YYSRSLN,0.5777908878870417
YHRSMTN,0.5777458830343446
YHKLNAN,0.5774083466391158
YYSRSSN,0.5771833223756301
YSRSNGN,0.5771608199492815
YHRQSSN,0.57702580539119
AYHRSVN,0.5769808005384928
IYSRSQN,0.5768907908330985
FYSRSNN,0.5767332738486585
YYSRSTN,0.5767107714223099
HYHRSAN,0.5766657665696127
YHRNAQN,0.5765757568642184
YYHRSLN,0.5764857471588241
YNRSNIN,0.5764857471588241
YYHRSAN,0.5764632447324755
YYHRSTN,0.5764182398797784
NYHRSSN,0.5763957374534298
YYHRSSN,0.5763957374534298
YYHRSQN,0.5761482107635953
VYHRLAN,0.5756531573839266
YYHRSNP,0.5754506355467894
TYHRSTN,0.5753831282677436
YYSRSNH,0.5752931185623493
YHSRSNN,0.5752481137096521
YHRSLSN,0.5752481137096521
YSHRSNN,0.5751130991515607
YHRISGH,0.5750905967252121
HYSRLNN,0.5750230894461663
YYHRSNS,0.5745955433455433
YHRNSIN,0.5745505384928462
LYHRLNY,0.5745505384928461
VYSRSNS,0.5745280360664976
NYHRSNM,0.5744605287874518
YYHRSNM,0.5742580069503146
YSRSSNR,0.574235504523966
YHRRSTN,0.5742130020976175
EYHRSNP,0.5741904996712689
VYHRMNS,0.574077987539526
YHSRSGN,0.5738304608496916
TYHRSAN,0.573807958423343
YYSRSNA,0.5737629535706459
HYHRLNC,0.5737404511442972
QYHRSNL,0.5737179487179487
YYSRLNN,0.5737179487179487
YYSRNIN,0.5736954462916001
YHRSSNG,0.5735829341598572
YHKTGVN,0.5735154268808115
EYHRGLN,0.5734254171754172
YHRRGNN,0.5734254171754172
YSRLASN,0.57338041232272
IYHRANN,0.5733579098963715
YYHRSND,0.5732904026173257
YHSRSMN,0.5732003929119314
RYHRLLN,0.5730653783538399
YYARSNN,0.572952866222097
YYHRGIN,0.5727728468113084
HYHRNNN,0.5726603346795655
IYHKSNN,0.5725928274005196
YYHRGVN,0.572525320121474
NYHRSNQ,0.5725028176951253
YYSRSDN,0.5724803152687767
NYHRNNN,0.5724578128424282
MYSRLNN,0.572367803137034
YYHRSPN,0.5721877837262452
HYHRSNA,0.572142778873548
YYHRMTN,0.5721202764471995
YYSRINN,0.5720527691681538
YYSRMNN,0.5720302667418051
YYSRLSN,0.5718952521837137
YHSRSQN,0.5718727497573651
YYHRNNN,0.5718502473310165
NYSRLNN,0.571827744904668
VYSRSNQ,0.571827744904668
YYSRANN,0.5718052424783194
AYSRLNN,0.5717602376256222
YYHRLIN,0.5714902085094393
YYHRSNG,0.5714902085094392
YYRSSTN,0.5714452036567421
YYHRSDN,0.5714227012303935
YYRSNVN,0.5714227012303935
YHRRSIN,0.5713776963776964
YYHKSNN,0.5712201793932563
YYHRGNN,0.5711751745405591
IYHRSHN,0.5710176575561191
VYHRSNK,0.5709951551297705
YHRRSSN,0.5708376381453304
YHSRLNN,0.5708376381453304
NYHRSDN,0.5708151357189819
YSKSSVN,0.5706801211608904
YYRSGSN,0.5706801211608904
IHSRSNN,0.5705451066027989
YYRLNIN,0.570432594471056
YHRSCSN,0.5703650871920103
YSHRSAN,0.5702525750602674
YYRLNSN,0.5702525750602673
HSRSNNN,0.5702075702075702
YSRDSNN,0.5701850677812217
YYRSGNN,0.5701400629285245
YYHRSHN,0.5700500532231301
YHRSNNW,0.5699375410913872
YHRRNEN,0.5698925362386901
YYHRSNK,0.5698700338123415
YHRGTPN,0.5698250289596444
YHRRSNN,0.5698250289596443
YYHRSNR,0.5698025265332958
YSRRNTN,0.5696675119752043
YHRMSLS,0.5695549998434614
YSRSGHS,0.5694199852853699
YYHRMIN,0.5693524780063242
IYSRGNN,0.5693299755799756
YYHRLHN,0.569194961021884
YSHSSNN,0.569149956169187
YHKRSNN,0.5691274537428384
YYHRGSN,0.5691274537428384
CYSRSNV,0.5691049513164897
YSHSGLN,0.5690824488901413
YYSRNNN,0.569037444037444
TYSRLNN,0.5689249319057011
MYSRSDN,0.568879927053004
YYSRSHN,0.5688574246266553
IYNRSNN,0.5687674149212611
YHRRSGN,0.5687449124949125
YHRSKKN,0.5687224100685639
TYHRNSN,0.5686774052158667
YYRSNNN,0.5686774052158667
YYSRGNN,0.5685198882314267
YHQINNN,0.5684523809523809
LHSRGLN,0.5684073760996838
YHSRTNN,0.5682048542625466
YYHRSKN,0.5681373469835008
CYSRSNL,0.5680923421308036
YHKRSLN,0.568069839704455
YYHRNNH,0.5679798299990608
NYSRNNN,0.5679573275727122
YYARSLN,0.5679573275727122
YHKSMTN,0.5679573275727122
YYRLSNN,0.5679348251463636
VHSRSNN,0.5678223130146207
YSRRNSN,0.567754805735575
IYHRNNH,0.5677323033092264
YYRSSSN,0.5677098008828778
AYSRSPN,0.5676647960301806
DYSRSNG,0.5675522838984377
YAHRSVN,0.5674622741930434
YSRISNK,0.5673272596349519
YYHRGGN,0.5673047572086034
YSRRSVN,0.5672822547822548
YSRRSNN,0.5670797329451176
YYSRAIN,0.5669897232397232
DYHRVLN,0.566944718387026
YHRLSNW,0.5668322062552832
YHRLNNW,0.5667421965498888
YTHRSVN,0.5661571334648258
YYHKSTN,0.5661571334648258
NYSRSRN,0.5660221189067343
YYRSSNN,0.5659996164803857
PYSRSNN,0.5658871043486429
YYHRYNN,0.5657745922169
YSHSMNN,0.5656620800851571
YSRSCNA,0.5654820606743683
YHHLSNN,0.565392050968974
YSRRNNN,0.5653020412635797
YHRVSSS,0.5651895291318367
YKRMGNN,0.5651220218527911
YYSKSSN,0.5650770170000939
IHSRSTN,0.5649870072946996
YHRQDNN,0.5649870072946995
YNKSNNN,0.564964504868351
YAHRSTN,0.5648744951629567
IYSRMSP,0.5647844854575623
KYHRYNN,0.5647394806048652
SYHRLDN,0.5646269684731223
YHSRSHN,0.5646044660467737
YKRSSNN,0.5645819636204251
YYSRSFN,0.5645144563413794
YHHRLNN,0.5644919539150308
YSHMSPN,0.5644919539150308
QYHRSFN,0.5644694514886822
VYTRSQN,0.5644469490623336
YHRRLNN,0.5644244466359851
YHHMSSN,0.5644019442096364
VYHRDNN,0.5643569393569393
YNHRSNN,0.5643569393569393
YSHLSNN,0.5643569393569393
YHRRTNN,0.5643344369305908
YHSRSNK,0.5641994223724993
YYKRSNN,0.5641769199461507
FYSRNNN,0.5637043689928305
YHRCTSN,0.5636818665664819
IHSRINN,0.5636368617137848
YYHRLLS,0.5636368617137848
YSHSSEN,0.5636143592874362
YYSRLHL,0.5635918568610876
HYTRSNH,0.5634343398766476
AYHRNND,0.5632543204658589
YHRFSNL,0.5632093156131618
YYSSSNN,0.5631643107604647
FHSRSGN,0.5630292962023732
YYRSLNN,0.5630067937760246
LYRRSNN,0.562984291349676
YYRIGNN,0.5628717792179331
YYHRSDS,0.5627817695125388
YYSRSHE,0.5627592670861901
YHTRSIN,0.5626917598071444
YHSSSNN,0.5626242525280987
YHESNNN,0.5624892379700072
MYHKSGM,0.56244423311731
YYRRSNN,0.5624217306909615
IHRSSSN,0.5623542234119158
YHRRSNH,0.5622642137065214
EYNRSVN,0.5622417112801729
RYHRAGD,0.5622417112801728
YSRILSN,0.5622192088538243
HHSRNIN,0.5622192088538241
YSRRMNN,0.5621517015747785
YHHRMNN,0.5620391894430355
YYRRSMN,0.5620166870166869
YYSRDNN,0.5619941845903385
YYSRSHC,0.5619941845903385
IYERSNN,0.5619041748849442
YYRRSGN,0.561859170032247
YYHSGTN,0.5616791506214583
YHHRSNN,0.5616116433424125
IYHRLCT,0.5615891409160639
YHHRINN,0.5615441360633668
YYRNSNN,0.5614991312106696
IYRRSGN,0.5613416142262296
YYHSSTN,0.5612966093735324
KLHRLNN,0.5612516045208352
YQHRSNN,0.5611840972417895
YHESSNN,0.5611165899627438
EYHRSHL,0.5610940875363952
IYRRSNN,0.561049082683698
HHSRLSN,0.561049082683698
YYCRSNN,0.5605990341567264
YHHSSNN,0.5605990341567264
YSRRAIN,0.5605540293040293
YHKMGVY,0.5604640195986349
YHRPGEN,0.5603515074668921
YYRRSIN,0.5603290050405435
YHHSGNN,0.5602840001878463
YLSRSNN,0.5602389953351492
YFRSGNN,0.5600589759243606
YHSKSIN,0.5600589759243605
YSHNMNL,0.5599464637926176
YHSSNNN,0.5598339516608747
YYRRSLN,0.5597889468081776
YSHTSNN,0.5597439419554804
HYRRSNN,0.5597214395291318
YYSKLNN,0.5596989371027833
HYQRLNN,0.5595864249710403
YHHLHNN,0.5595414201183432
YYRSDNN,0.559338898281206
YHHRSIN,0.5592938934285088
YSRRSNT,0.559181381296766
YYHSSNN,0.5591813812967659
YYSRSNW,0.5591588788704173
YHHRGMN,0.5591363764440688
YYMRSNN,0.5591138740177202
YYKSSNN,0.5590463667386745
YYHSLNN,0.5589563570332801
YLHSQLN,0.5589563570332801
MYRRSMN,0.5589338546069316
RYRRSNN,0.5588213424751887
LYCRLNN,0.5587988400488401
YYRRSQN,0.5587988400488401
YSRKSNQ,0.5587088303434458
YHERSNN,0.5586638254907486
YYHRSDK,0.5586188206380513
MYRRSGN,0.5586188206380513
YYTRNNN,0.5585738157853543
ILHRSNN,0.558528810932657
VHHRMNN,0.5584613036536114
YSHSVSN,0.5584388012272627
YYRRNTN,0.5583937963745655
HYHSSNN,0.5583487915218684
YHSRNNT,0.5583262890955198
YHRRNIQ,0.5583262890955198
YYRLSYN,0.5581462696847312
MYRRSNN,0.5581237672583826
YHKRLSE,0.5580787624056854
YYRRSSN,0.5580337575529883
VYCRSNN,0.5579887527002911
YVHRSIN,0.5579662502739425
YFRLGNN,0.5578312357158511
YHSMSTN,0.5575387041733195
RHHRMNN,0.5574936993206224
VYERLNN,0.5574711968942738
YYRLQNN,0.5574711968942738
YSRRSNS,0.5574261920415767
YHRRSNR,0.5573136799098337
YSHARMN,0.557246172630788
YSHRDNN,0.557246172630788
YYRRSAN,0.5571561629253937
YHHLTNN,0.5571561629253936
KYRRSNN,0.5570661532199994
NYHSSNN,0.5569086362355593
YYHRTET,0.5568636313828621
YYRSQNH,0.5568636313828621
TYSRSLT,0.5567511192511193
YYRSKNN,0.5567286168247706
YNHRLPN,0.5567061143984221
YAHSETN,0.5566836119720735
YVRSSDN,0.5566836119720735
CYHRDQN,0.5565936022666792
VYHKSSI,0.5565936022666792
YYSGSNN,0.556548597413982
YHSRQNN,0.5564810901349363
HHKSSNN,0.556391080429542
YHRRANE,0.5563685780031934
HHRMMNN,0.5563235731504962
QYHREDN,0.5562785682977991
YYRSTNE,0.5562335634451019
YHHRGNN,0.5562335634451019
YYRRLNN,0.5562110610187533
YAKRGTN,0.5562110610187533
YHHRSSN,0.5561660561660561
YHHSMNN,0.5560760464606618
EYRRSNN,0.5560310416079647
YYSRTSV,0.5560085391816161
YYHESNN,0.5559185294762218
YISRSNN,0.5558960270498732
IHKSSIN,0.5558960270498732
YYRSSGN,0.5558285197708275
HHRRSNN,0.5557610124917817
YTSRSNN,0.5557160076390846
YYHSSVN,0.5555809930809931
YESRSNN,0.5555359882282959
YSRAMNW,0.5555134858019473
YHHRNNN,0.5554684809492502
MYQRMNN,0.5554009736702045
YYRRMNN,0.5554009736702044
YHHSSLN,0.5552434566857644
MYRRSSN,0.5552209542594158
YYCRSSN,0.5551534469803701
YYRDSTN,0.5550634372749758
YYHMSNN,0.5550409348486272
YYRRSNS,0.5549284227168843
LYHKDNN,0.5549059202905356
YYRISYN,0.5548609154378384
YYARIIN,0.5547934081587927
VHRRSNN,0.5547934081587927
YARRMNN,0.5547484033060956
HYRINNN,0.5546133887480041
YYHRSYI,0.554613388748004
LYSSSSN,0.5545233790426098
YHHSLNN,0.5543658620581697
VYRRLNN,0.5542758523527754
TYRRSNN,0.5542308475000782
YYRRGAN,0.5542308475000782
YDSRSNN,0.5541858426473811
YSRSRST,0.5541633402210325
YYRNMDN,0.5541408377946839
YYRRSNM,0.554028325662941
YHHRSNS,0.5540058232365924
YLHMSNN,0.5539158135311981
YSRSCNW,0.5537807989731067
YYHLSNN,0.553758296546758
YYHRYFN,0.5537357941204095
YYSRSMF,0.5536682868413638
GYCRSNN,0.5536232819886666
YHDRSNN,0.5535782771359694
YYRRGSN,0.5535557747096208
NHRTSTN,0.5535107698569237
KYHSSNN,0.5534432625778779
YYRRMSN,0.5533532528724836
YHSSLNN,0.5533532528724836
MHSSSNN,0.5532182383143921
YYRRSRN,0.5531957358880436
NYHRQAI,0.553173233461695
YPRLSNN,0.5531507310353464
YYHSGNN,0.5530157164772549
YHHQLNN,0.5529482091982092
YSHSFNN,0.5529482091982092
YRSRSVN,0.5529257067718606
YYSRSLF,0.552745687361072
YYRLENN,0.5525656679502833
IYRSMNN,0.5524981606712376
YHKRFNN,0.5524531558185404
YHRLWDN,0.5524306533921919
YYRNEDN,0.5523181412604489
YYHSSGN,0.5522731364077518
YGRSSHN,0.5522506339814032
YYTRSYN,0.5521831267023575
YTHIGNN,0.5520256097179174
YEHRGNN,0.5519806048652203
YYMRNVN,0.5519581024388717
YYNKSNI,0.5519130975861745
YYDRSNI,0.5519130975861745
KYNKSNL,0.551778083028083
YYIRLNN,0.5517105757490373
YYSRMCG,0.5515980636172944
YSQRMNN,0.5515305563382487
HYSSQSN,0.5515080539119
VYSRSWN,0.5514855514855515
NQHRMNN,0.5513955417801572
YYKRANT,0.5513730393538085
LHHSSIN,0.5513280345011115
YCKSSNN,0.5512830296484142
YLARSNN,0.5512155223693685
SYHSSQN,0.5511930199430198
YHHRLAE,0.5511705175166713
DNHRLNN,0.5511480150903227
MYDRSSN,0.5509454932531855
FYSSSNN,0.550922990826837
YYSRLIE,0.5509004884004884
YYHLGSN,0.5509004884004883
YLHRCTN,0.5508779859741397
KYHYLNN,0.5507879762687454
YYHRTKT,0.5507654738423968
YHHRQNN,0.5507429714160483
YYRSNEV,0.5507429714160483
YYSTSNN,0.5507429714160483
IYCRANN,0.5506754641370026
CYMRSQN,0.5506754641370025
VYRRSND,0.550652961710654
YSHMNVH,0.5506529617106539
YHHSGNC,0.5506304592843054
VYRSSNN,0.5506079568579568
YYHRYVI,0.5505404495789111
NCHRLNN,0.5505404495789111
YYERISN,0.5504504398735168
RYRSSNN,0.5504279374471682
YYDRSNA,0.5504054350208196
YCSRSLN,0.5503154253154253
TYRISTN,0.5502029131836823
YHSRRNN,0.5501579083309852
YYSLSTN,0.5500904010519395
QYHRLWS,0.5500228937728937
MYRASSN,0.5499103816411508
YLRGSNN,0.5498428743621051
YHHREGN,0.5497303622303622
NYKRGNN,0.5497303622303622
YPHRSNN,0.5497078598040136
YHMLAAN,0.549685357377665
IHSKANN,0.5495503428195736
YCRISNA,0.5494828355405279
YLSRGAN,0.5494603331141793
YYRSLIN,0.5494378306878307
YYQRVSN,0.5493478209824364
YYHESNS,0.5493478209824363
YYHLLNN,0.5493253185560878
YYHYSNM,0.5492803137033906
NIHRVNN,0.5492578112770421
KYVRSSN,0.5492353088506935
VYRSRNN,0.5491678015716477
VLYRSNN,0.5490552894399048
YHHRCNN,0.5490552894399048
YERRSMN,0.5489427773081619
VYSRYKN,0.5489202748818134
IHHRSHN,0.5488302651764191
HHRLGII,0.5487852603237219
YSHRCCN,0.5487177530446761
AHRSKNN,0.5486502457656304
MYMHSNN,0.5486277433392818
YSRASLA,0.5486277433392818
AYLRSVN,0.5484927287811903
YHHSMGN,0.5484927287811903
YYRRSYN,0.5482677045177045
SYSSSNY,0.5482226996650074
YHNSGVH,0.5480876851069159
YHHGYNN,0.54802017782787
VYSRDVG,0.5479976754015216
RYLRANN,0.547975172975173
YHRAKGE,0.5479526705488243
YWHRLNN,0.5479076656961271
YSKKSNE,0.547817655990733
YASNSNN,0.5478176559907328
HYKRVIN,0.5477951535643844
YYHSDNN,0.5476601390062928
GYHEIGN,0.5476151341535956
YERHINN,0.5475926317272471
QYRISIN,0.5475026220218527
YYHGSNN,0.547435114742807
GHRGLNQ,0.547435114742807
TYHSREN,0.547435114742807
YYFRSAN,0.5473676074637612
ISRSSNN,0.5473451050374127
YSHTSDH,0.5473001001847155
THHSSSN,0.5473001001847155
YHRQFRD,0.5472775977583669
YYHYHNN,0.5472550953320184
YYRRMNA,0.5472100904793212
YLRRVNN,0.5471200807739269
YHHTINN,0.5471200807739268
YHRRIAI,0.5470750759212297
YHFLSSN,0.5469400613631382
WYHRMDI,0.5468725540840925
YYRRQSN,0.5468275492313953
MYRRSNY,0.5468050468050468
YDHRYNN,0.5467825443786982
YSKRDSN,0.5467375395260011
YHKETCN,0.546737539526001
YYHQHMN,0.5467150370996524
HHHRSKN,0.5466250273942581
YHHVSNI,0.5465800225415609
GHRHGAN,0.5465350176888639
VYSNSNG,0.5464675104098181
YVHLSPN,0.5463099934253781
YHIKSNK,0.5461074715882408
QYHRFYR,0.5459724570301493
NYHEHNN,0.5459499546038008
YLRSSNR,0.5459274521774522
QYSKSCT,0.545882447324755
THNRSIN,0.545882447324755
EYHTSGN,0.5458149400457093
YAHISND,0.5457924376193607
CYHNSNA,0.5457699351930121
HYHRSWC,0.5457024279139664
YIHSIAN,0.5456574230612692
KYVRSNE,0.5455674133558749
HIHRGNN,0.545454901224132
YSRIKRT,0.5454098963714348
QVHRNMN,0.5453198866660405
YYNKINK,0.5452523793869948
KHRKNSN,0.5452523793869947
HYRFNQN,0.545184872107949
MYRRMQN,0.5451623696816005
SIHRLNP,0.5450723599762062
VYFRSNA,0.5448923405654175
YYYRFNN,0.5448023308600232
VYSNLLN,0.5447348235809775
VYEQSNN,0.5446898187282803
YARRYNN,0.5446898187282803
YHRKMPV,0.5446223114492346
RNKYSKN,0.5445097993174917
YSSCSNN,0.5444872968911431
QYHSDNN,0.5444647944647945
YYRMSKG,0.5442622726276571
HYKASNN,0.5442397702013086
RSRAGPN,0.5441497604959143
YYQRIGD,0.54405975079052
YYEKAGN,0.5440147459378228
PYHKMKN,0.5438572289533828
YVHTLNN,0.5438572289533827
YDKRSNN,0.543789721674337
ESRSSNN,0.543789721674337
YLSRDNN,0.5436997119689427
YYHRAWN,0.5436547071162455
HYSQSYQ,0.5435421949845026
EYHISNN,0.5433171707210168
YFHRSNY,0.5432946682946683
YHHTDNN,0.5432496634419711
YHLKSHS,0.5431821561629253
YYHFSNN,0.5431146488838796
QTRSGIN,0.5430921464575311
YYSTSHN,0.543092146457531
YYSRWNN,0.543092146457531
GLNYSNN,0.5430696440311825
CSHRSSN,0.5430696440311824
NYYRESN,0.5430471416048339
YEKSLTN,0.5430021367521367
YIRGNMN,0.5428671221940453
HMHSGNN,0.5428671221940453
YYHFNGN,0.5427996149149995
THRRNNN,0.5427321076359537
INHRNNN,0.5426871027832566
YYTLSNN,0.5426420979305595
YHALISN,0.5426195955042109
KRHRSNI,0.5425295857988166
YYHAMIN,0.5424395760934222
VYRRSFN,0.5424170736670737
YHHDSIN,0.5423720688143765
HLHESSN,0.5423045615353308
NYSTLNN,0.5423045615353308
YYHLSNC,0.5422595566826336
LSYSSAN,0.5421245421245421
YYHSPNN,0.542079537271845
VHHNGNN,0.5420570348454964
RYSDRNN,0.5420345324191478
HHVQSRN,0.5420120299927992
YYHLMAN,0.5420120299927992
YHCLMNN,0.5420120299927992
YYHELQK,0.5419670251401021
IHASGNN,0.5419220202874049
YYHISNH,0.5418995178610563
YYRIIVN,0.5418545130083592
YARRQNS,0.5418320105820106
YHHSNEG,0.5417870057293134
YSHLFNN,0.5417420008766163
YYERHIN,0.5417420008766162
ACHRSTN,0.5416969960239191
HYGRSCN,0.5416744935975705
IYRIHNN,0.5416519911712219
YYHILND,0.5416294887448734
VYDRCIN,0.5415844838921762
IHSGSNA,0.5415169766131305
YRSRRLN,0.5414944741867819
YTRQKND,0.5414944741867819
KYRVGGN,0.5414269669077362
YYIKNGN,0.5413144547759932
YYSTMSN,0.5412919523496447
YDHRSHS,0.5412019426442504
YYAVSNN,0.5411569377915532
YCSRSMH,0.5411344353652046
YYSLLSN,0.5410219232334617
HYRSSTH,0.5408644062490215
AYHKACP,0.5407968989699758
YYRRSSL,0.5406843868382329
YYSRPDR,0.5406393819855358
NYSCSNH,0.5406393819855358
HYHDSTN,0.5406168795591872
GHRQMNN,0.54057187470649
DYSRWNQ,0.5404818650010957
YFHMSNN,0.5404368601483986
YTTRLGN,0.5404368601483986
LYHSANE,0.54041435772205
YYRSVVA,0.540301845590307
YHHDQIN,0.540144328605867
YCHLHNV,0.5400993237531699
YYEASNN,0.5399643091950784
YYRRDNT,0.5399643091950784
PYVRSNN,0.5399193043423813
EAHRSEN,0.5398968019160327
VYNRQFN,0.5398968019160327
HSRSSLM,0.5398968019160326
RISRSSN,0.5398742994896841
EYHGQNN,0.5398742994896841
YLKRGYN,0.5398742994896841
YYSTSHS,0.539874299489684
YDRRQNN,0.5397842897842897
YYHTSNQ,0.5397842897842897
YYQRFTN,0.5397392849315926
YHHISLM,0.5396717776525468
YYGRTSN,0.539559265520804
SYHKGHK,0.539446753389061
YHWRSNN,0.5394017485363639
FSRCMNN,0.5393567436836668
YYRRKNT,0.5393567436836667
HIHRRGV,0.539289236404621
YARRSMD,0.539289236404621
IASRSNN,0.5392667339782724
YNHELNP,0.5391092169938324
IYRRSDY,0.5390417097147866
YWHRMGE,0.539019207288438
YYVRLRN,0.5389742024357409
YTRRYIN,0.5389742024357409
WYHHSGN,0.5388841927303465
AYYRIDN,0.538861690303998
YTNILNN,0.5386816708932093
YYLRQNH,0.5386591684668607
YYEASSN,0.5386366660405122
THHKSCN,0.5386141636141636
YSSDSNM,0.5385691587614665
LHRRSDK,0.5385691587614665
YYYRPNN,0.5385466563351179
YYHVLNL,0.5385241539087693
YYRSCAQ,0.5385241539087693
YHHRGDG,0.5384566466297236
YDHTSNN,0.5383891393506778
HHYIGCN,0.5383666369243292
FYSISVN,0.5383441344979807
YHALHCT,0.5382316223662378
YYERYTN,0.5381866175135406
HMKHSNN,0.538164115087192
CHARSNY,0.5380516029554491
YTMLSQN,0.5379840956764034
YYHGSSN,0.5379840956764034
EHQNNNE,0.5379165883973577
QKHRSRQ,0.5378490811183119
YYHAIDN,0.5378265786919633
YQNRSNV,0.5377815738392662
YYRASHA,0.5377815738392662
CYRRSHD,0.537736568986569
YEDRSNN,0.5375340471494318
LYRNYNN,0.5375115447230832
SMSRLNN,0.5374890422967346
YYYGKLN,0.5374665398703861
PYRSMPN,0.537466539870386
YKRRVNA,0.5373765301649918
YTTRINE,0.5373315253122946
YYSRWGY,0.5372640180332489
MLHASGN,0.5372640180332489
EYRSMDN,0.5372190131805517
ALSRSNQ,0.537196510754203
YYMQNNN,0.5371515059015058
YEKLNVR,0.5371290034751574
ITHRSPN,0.5369489840643686
YGDSGNN,0.5368589743589743
IYHLMST,0.5368589743589743
YESSSNC,0.5368364719326257
YHHRSLV,0.5368139695062771
VQSRLNK,0.5367914670799285
IYYQSNK,0.5367014573745342
IISRSAN,0.5366789549481857
YSRRPFN,0.5366789549481857
TYYEKTN,0.5366114476691399
YHERRSN,0.5365889452427914
HKSKFNN,0.5364089258320027
LSRSDNS,0.5362739112739112
YYIRSHI,0.5362514088475626
YKSRAVS,0.5362289064212141
FYLRMTN,0.5362289064212141
FYRSMQN,0.5361613991421683
IRHRTNL,0.5361388967158198
LTHYSNM,0.5360938918631226
QYHCIGN,0.536071389436774
HYASFNN,0.5360488870104255
QYSFSNN,0.5360263845840769
QDHSSQN,0.5360263845840769
NGHRSNL,0.5359588773050311
RDHNMSN,0.5359588773050311
CYLRSNF,0.535913872452334
YQQRSAN,0.5358013603205911
YHHAYLN,0.535801360320591
TYKCGTN,0.5357113506151968
YGSRSST,0.535643843336151
HSSCSSN,0.5355988384834539
YYSLSME,0.5355988384834538
YCHASCN,0.5355763360571053
HSRRSNY,0.5355763360571053
YYRFSSP,0.5354638239253624
YYHCNNL,0.5354638239253624
YDYRQLN,0.5354188190726652
YSHSGWW,0.535373814219968
NFSRMLN,0.5353288093672709
DGHRSNE,0.5353063069409223
YYQGNIN,0.535216297235528
YYRRGMR,0.5351712923828308
YTRRSLL,0.5351262875301337
YYRRGCG,0.5350812826774365
YLRSLMK,0.5350137753983908
YYEQNQA,0.5349462681193451
YAHFFNN,0.5349237656929965
YWSRSNE,0.5348337559876021
THCSSNN,0.5346987414295107
YYDSNNC,0.5346762390031621
DSRSPNN,0.5346762390031621
YSIRAIN,0.5346762390031621
LYRRTQE,0.5346537365768135
HDHSSIN,0.5344062098869791
KASRSSN,0.5343162001815848
YAGRNPN,0.5342486929025391
YYHESIT,0.534091175918099
YNRECPS,0.5340236686390533
YFRRQIN,0.5340236686390533
PYSSSNA,0.5340011662127047
YISGSNL,0.5340011662127047
YYRPMNN,0.5340011662127047
YNQRSCN,0.5339111565073104
VYRRYHH,0.5339111565073102
YYSHSWN,0.5338661516546132
YHHRPSN,0.5337986443755675
EARISVN,0.5337536395228702
DYTGANS,0.5337311370965218
YFKLSFN,0.5336861322438246
AHHYHNF,0.5336861322438246
HYNASPN,0.5336636298174761
YKLQNNI,0.533663629817476
YVARMNL,0.5336186249647787
HYVRSKA,0.533551117685733
THQMENN,0.5334611079803387
THRLGFH,0.5334611079803387
YWHRSNY,0.5333936007012929
YVSRKNN,0.5333710982749444
MYANLNC,0.5333260934222472
YYKRFCN,0.5332810885695501
QHHRRPN,0.5332585861432015
YYRRKNF,0.5331460740114586
YSRRAYV,0.53312357158511
YYRCENI,0.53312357158511
YNRRASR,0.5331010691587614
YYHSCAQ,0.5330785667324129
MLNYDRN,0.5330560643060643
YYLASNH,0.5329885570270185
YHIAEYN,0.5328985473216242
YESRSNW,0.5328310400425785
YHHPSNN,0.5328085376162299
YLRDNIV,0.5327635327635327
CYEQLNP,0.532696025484487
HYKAANP,0.5326735230581384
YYRETRT,0.5326510206317898
YKRWSNN,0.5326060157790927
YYRGPGN,0.5325835133527441
YHHRSWN,0.5325610109263955
YYEAANQ,0.5324935036473498
LQHSSNL,0.5324484987946526
YRRSYSA,0.532268479383864
QKRISSN,0.5322459769575154
AHRLDRM,0.5322459769575154
YYRRQPE,0.5321784696784697
YHNIIES,0.5321109623994239
VSRRSNN,0.5321109623994239
KYSCSHH,0.5320659575467267
VHHVCIN,0.531998450267681
MKRSSNN,0.531998450267681
YYCLSNL,0.5319084405622867
LYANMVN,0.5319084405622867
CYHMTYN,0.5318859381359381
YYSSLYN,0.5318184308568924
EYHGSDN,0.5317284211514981
TSHRSSG,0.5317059187251495
FHTRRNN,0.5315484017407094
YYRNTHP,0.5314808944616637
YYAQHLE,0.5312783726245265
FYACSNN,0.5312558701981779
YWRRSMN,0.5312558701981779
HYHFYIN,0.5312108653454807
EYHDHLD,0.5310533483610407
GYRRFTN,0.5310083435083435
CHTSSNQ,0.5309858410819949
YDSRMDI,0.5309633386556464
YQLRSQT,0.5308958313766006
YDRAYQN,0.530873328950252
VTHISNN,0.5308283240975549
EYHGMHD,0.5306933095394634
YHGRSAS,0.5306708071131148
WYPRLNN,0.5306483046867663
KYVHSVI,0.5306258022604176
HYRRLPI,0.5306032998340691
VWHRSHN,0.5305807974077205
ASHGANN,0.5305807974077205
NYSVSNY,0.5305132901286748
YKINSQV,0.5304907877023262
FYHISSS,0.5304682852759776
QVARSNN,0.5304682852759776
IHRRSFG,0.5304457828496291
YYHSGSM,0.5304232804232805
YYRRQCD,0.5304232804232804
HYLRSWN,0.5304232804232804
YYSDLSA,0.5303332707178862
NYYISDN,0.5303332707178862
IHQTSNK,0.5303107682915376
QHEGGSN,0.5302432610124918
QHIFSNN,0.5302207585861431
RHVISNN,0.5301982561597945
AYWRSNH,0.5301307488807488
YYSDDSV,0.5301307488807488
QRYRNMQ,0.5300632416017032
LYSREFW,0.5300182367490059
VDYRVGN,0.5299957343226573
YYKIRCN,0.5299957343226573
YYSFSNK,0.5299507294699602
EERLSHN,0.5298832221909144
YSQEQTY,0.529860719764566
HVHSGNK,0.5298607197645658
AYQRECN,0.5298157149118687
VTHYSNP,0.5297707100591716
HHHRGDK,0.5297707100591715
SQYYMSN,0.529748207632823
YASVINN,0.5297257052064744
YAHVHEK,0.5297032027801258
QNVYRHR,0.5297032027801258
YYSMSIF,0.5296581979274287
SYGRSLA,0.5296581979274287
YYHWSNN,0.5296131930747315
YQSFSNN,0.5296131930747315
CHHRFHN,0.5295681882220343
YHDVLYN,0.5295456857956858
IYNLMVN,0.52947817851664
YMLSSAN,0.5294556760902914
KSVGTNN,0.5293881688112457
LHNRQDT,0.5292756566795028
YHCRDFN,0.5292531542531542
GDRLHNN,0.5291856469741085
HFYGSNH,0.5291406421214113
CSRSVGN,0.5291181396950628
VYHLFNQ,0.5290956372687141
YLIRSNN,0.5289606227106227
YVQGNHN,0.5289606227106226
HYRCSDT,0.5289381202842741
QYNLYNN,0.5289381202842741
CSSRSNG,0.5287355984471369
MHSRPHL,0.5287355984471369
YVHMEND,0.5286905935944397
YWHRGNT,0.5285780814626968
YRRWNDN,0.5285330766099997
IGHRDNN,0.5283530571992111
YAEDQNS,0.5283305547728625
YYVARNN,0.5283080523465139
YENSAGN,0.5281055305093767
YYINSLS,0.5280605256566795
VSARSLN,0.5280380232303309
YYHVKYH,0.5280380232303309
HNSTNEL,0.5280380232303309
NYSQVYR,0.5280380232303309
TSHLANN,0.5276779844087536
SRHRSWN,0.5275654722770108
MQLKSNN,0.5274754625716165
CYENSPN,0.5273854528662221
FYRGEVN,0.5273629504398735
NYRHYNQ,0.527340448013525
NYLRSLF,0.5273404480135249
