seq,fitness_pred,htfr1_pred,ref_dist,div_prev,reward_signal,final_score
STARANA,1.8134169578552248,-4.117696285247803,0.7142857142857143,0.4285714285714285,1.0233873128890991,0.9233873575925828
WRLYIKM,-4.162024021148682,-0.5903502106666565,0.7142857142857143,0.4285714285714285,0.7002058029174805,0.6002057731151581
GSFRVTP,1.3061625957489014,-3.0684938430786133,0.5714285714285714,0.4285714285714285,1.073719143867493,0.9237190991640092
PCKQAYE,-3.3857431411743164,-1.5173455476760864,0.5714285714285714,0.4285714285714285,0.6935715675354004,0.5435715973377228
PFQGMCI,-4.310321807861328,-0.7084956765174866,0.8571428571428571,0.2857142857142857,0.6708510518074036,0.6208510667085647
YYMNMND,-3.320547819137573,-0.8054430484771729,0.7142857142857143,0.2857142857142857,0.774928629398346,0.674928629398346
YYHGLVG,-2.166203498840332,-0.8165459036827087,0.5714285714285714,0.4285714285714285,0.9068870544433594,0.7568870544433594
MYLTEVP,-2.463446617126465,-2.7379724979400635,0.7142857142857143,0.2857142857142857,0.6733189821243286,0.5733189821243286
RRHSHMV,-4.183845043182373,0.1203157156705856,0.7142857142857143,0.4285714285714285,0.7714005708694458,0.6714005410671234
YAFRWDN,-1.9815003871917725,1.283639907836914,0.5714285714285714,0.1428571428571428,1.1460189819335938,0.9960189819335936
NLPRSDA,1.1221513748168943,-3.3389382362365723,0.7142857142857143,0.5714285714285714,1.024449586868286,0.9244495570659638
LYHQESE,-1.3287200927734375,-2.3927156925201416,0.5714285714285714,0.4285714285714285,0.8399772644042969,0.6899772346019745
YGYLATY,-3.2491326332092285,-1.217035174369812,0.7142857142857143,0.2857142857142857,0.7404729127883911,0.6404729127883911
KHHKHQL,-3.2699077129364014,0.6286373138427734,0.7142857142857143,0.4285714285714285,0.92951238155365,0.8295123517513275
RESLDNW,-0.1587808430194854,-1.852671504020691,0.7142857142857143,0.5714285714285714,1.0308995246887207,0.930899465084076
DFDRWQN,-2.642842531204224,0.4837131798267364,0.7142857142857143,0.5714285714285714,0.9867889881134032,0.886788958311081
LHVKCYI,-4.436505317687988,-0.5883405208587646,0.5714285714285714,0.2857142857142857,0.6687631607055664,0.5187631756067276
YPHESEN,-0.7166882753372192,-3.898665428161621,0.5714285714285714,0.2857142857142857,0.7543533444404602,0.6043533593416214
FRKFMNE,-0.7631732225418091,-1.1948108673095703,0.8571428571428571,0.4285714285714285,1.0294396877288818,0.9794396579265594
CWYHSMN,-4.597246646881104,1.0744236707687378,0.7142857142857143,0.2857142857142857,0.8226913213729858,0.7226913362741471
CHMCRSE,-3.1776010990142822,-1.6305464506149292,0.7142857142857143,0.4285714285714285,0.7058315277099609,0.6058315575122833
YYTKATE,1.345076322555542,-1.9602185487747192,0.5714285714285714,0.2857142857142857,1.1931577920913696,1.0
VKQRGNC,-3.6924917697906494,0.2496329396963119,0.7142857142857143,0.4285714285714285,0.8414725065231323,0.74147247672081
MMHLNQE,-0.2674434781074524,-4.384995937347412,0.7142857142857143,0.5714285714285714,0.7557140588760376,0.6540549281984568
SYDDPKC,-4.006546497344971,-0.6916208863258362,0.7142857142857143,0.5714285714285714,0.7076303362846375,0.6076303362846375
AYRYDSC,-3.5612993240356445,-0.3564977049827575,0.7142857142857143,0.2857142857142857,0.7937321066856384,0.6937321066856384
YYVIVVN,-3.0801095962524414,0.7300898432731628,0.5714285714285714,0.4285714285714285,0.9619210958480836,0.8119211256504059
VEYRQTQ,-0.1021958664059639,-2.6355865001678467,0.7142857142857143,0.4285714285714285,0.9562197327613832,0.8562197327613831
YWHSGYH,-2.901834487915039,0.7725889682769775,0.5714285714285714,0.4285714285714285,0.986886501312256,0.8368865013122558
NQAVVAN,-0.0631058365106582,-5.159824848175049,0.7142857142857143,0.4285714285714285,0.698910653591156,0.5731416819617152
NMPKKRM,-2.8835272789001465,0.071465328335762,0.8571428571428571,0.1428571428571428,0.9162763357162476,0.8662763059139251
IHPTTQT,0.0684772729873657,-5.079492092132568,0.8571428571428571,0.5714285714285714,0.7224160432815552,0.6491467319428921
YFYKGNG,-0.4977990388870239,0.1941323429346084,0.7142857142857143,0.4285714285714285,1.2041031122207642,1.0
YCHDTHS,-3.25977110862732,-1.0757390260696411,0.7142857142857143,0.2857142857142857,0.7539016008377075,0.6539015710353852
YEHHKEN,0.7018902897834778,-2.073108673095703,0.7142857142857143,0.4285714285714285,1.1072814464569092,1.0
SALHTAP,-0.1094255819916725,-4.435225009918213,0.7142857142857143,0.5714285714285714,0.7687256932258606,0.6655036117881536
YYHEASN,-1.656987190246582,-0.5202643275260925,0.5714285714285714,0.4285714285714285,0.9963365793228148,0.8463366091251373
YSCKDIP,-2.692804336547852,-1.0412263870239258,0.7142857142857143,0.4285714285714285,0.8228594660758972,0.7228594660758972
YYMLREQ,-2.583339214324951,0.1320921033620834,0.7142857142857143,0.4285714285714285,0.9571799039840698,0.8571798741817475
YNSSCVT,-3.817205190658569,-1.2893850803375244,0.7142857142857143,0.2857142857142857,0.667462944984436,0.5674629598855973
YWNREYY,-2.3771350383758545,0.5721560120582581,0.7142857142857143,0.2857142857142857,1.0266016721725464,0.9266016721725464
RWNRKNN,-3.2148659229278564,0.360511302947998,0.7142857142857143,0.4285714285714285,0.9080489873886108,0.8080490171909332
MDFSTNQ,-0.5207935571670532,-4.303976058959961,0.7142857142857143,0.4285714285714285,0.7349032163619995,0.6349032238125801
SHEHKTA,0.8470510840415955,-3.3727774620056152,0.5714285714285714,0.4285714285714285,0.9892172813415528,0.8392172962427139
PHHEYHA,0.0167163647711277,-1.77920401096344,0.7142857142857143,0.4285714285714285,1.0587565898895264,0.9587565898895264
FPMPVGG,-0.5163187384605408,-4.417009353637695,0.7142857142857143,0.4285714285714285,0.7236952781677246,0.6210400011390448
YSETGNS,-0.2184028178453445,-3.360508918762207,0.5714285714285714,0.4285714285714285,0.867629885673523,0.7176299005746841
YYQEKPP,0.6526948809623718,-1.793407678604126,0.7142857142857143,0.1428571428571428,1.1306195259094238,1.0
GHHKMDQ,0.1566571742296219,-2.5712664127349854,0.7142857142857143,0.4285714285714285,0.9927399158477784,0.8927399456501007
YWHKDIN,-1.3222647905349731,0.4104435741901397,0.7142857142857143,0.2857142857142857,1.1314681768417358,1.0
RVSLHFG,-1.2767175436019895,-1.436055064201355,0.7142857142857143,0.1428571428571428,0.9451995491981506,0.8451995491981507
YHHKSNN,0.6080607175827026,1.0224573612213137,0.2857142857142857,0.0,1.417536973953247,1.0
YLYRSPN,-1.2221758365631104,0.1366484612226486,0.4285714285714285,0.4285714285714285,1.1146113872528076,0.9146113872528076
YISNVSE,-0.6055026054382324,-3.5826303958892822,0.7142857142857143,0.1428571428571428,0.7999539375305176,0.6999539226293564
RKSFATN,-4.267407417297363,-0.5342156291007996,0.5714285714285714,0.5714285714285714,0.6938760876655579,0.543876102566719
YSDKIGV,1.5068939924240112,-2.957902431488037,0.7142857142857143,0.4285714285714285,1.1083365678787231,1.0
QGHKHFF,-0.614207923412323,-1.25608229637146,0.5714285714285714,0.5714285714285714,1.0402621030807495,0.8902620732784271
VYPFHGP,-1.937910079956055,-0.200579360127449,0.5714285714285714,0.4285714285714285,0.997100830078125,0.847100830078125
FRHYHFV,-3.132721424102783,-0.5846777558326721,0.7142857142857143,0.4285714285714285,0.8194853067398071,0.7194853067398072
YYTRDVP,0.0227269139140844,-1.133266806602478,0.4285714285714285,0.2857142857142857,1.1264469623565674,0.9264469623565674
YYTFNDN,-2.6862502098083496,0.1056623309850692,0.5714285714285714,0.2857142857142857,0.9425716996192932,0.7925716996192932
YHEKYSE,0.964552402496338,-1.338426113128662,0.7142857142857143,0.2857142857142857,1.2137715816497805,1.0
AYLANWE,-3.754326105117798,1.1354864835739136,0.7142857142857143,0.5714285714285714,0.926223874092102,0.8262238740921021
FCRRWLR,-5.930274963378906,0.9094514846801758,0.7142857142857143,0.5714285714285714,0.6518657207489014,0.5518657207489014
FAHSFQE,-1.1883156299591064,-2.1079671382904053,0.7142857142857143,0.5714285714285714,0.8857020139694214,0.7857020437717438
YYRKNIG,-1.7032746076583862,0.7640314102172852,0.5714285714285714,0.2857142857142857,1.1242074966430664,0.9742075264453888
SPIASSC,-3.39048171043396,-0.3534010946750641,0.7142857142857143,0.5714285714285714,0.8137506246566772,0.7137506246566773
DATFMKR,-1.3491076231002808,-2.081929445266724,0.7142857142857143,0.4285714285714285,0.869861364364624,0.769861364364624
YIKRWKG,-2.8141424655914307,0.7256566286087036,0.7142857142857143,0.4285714285714285,0.9921306371688844,0.8921306073665619
YNDTGPL,-0.8677417635917664,-4.328615188598633,0.5714285714285714,0.4285714285714285,0.6923402547836304,0.5423402696847915
LYFKPMG,-1.358831524848938,0.2101390212774276,0.7142857142857143,0.5714285714285714,1.1064757108688354,1.0
IVNRHNE,1.7941051721572876,-4.0936360359191895,0.7142857142857143,0.4285714285714285,1.0236560106277466,0.9236560255289078
GDGRVGP,0.6862216591835022,-3.411503553390503,0.5714285714285714,0.2857142857142857,0.9666549563407898,0.8166549563407898
HHTKFNN,-0.307916522026062,-0.7935127019882202,0.5714285714285714,0.4285714285714285,1.1235592365264893,0.973559296131134
YHTRPMV,-0.134853646159172,-1.3749970197677612,0.5714285714285714,0.1428571428571428,1.0832034349441528,0.9332034647464752
WMHKAAP,0.7927290201187134,-1.3744215965270996,0.7142857142857143,0.2857142857142857,1.1902247667312622,1.0
TVKLHEA,0.963269293308258,-3.7405924797058105,0.7142857142857143,0.4285714285714285,0.9644685387611388,0.8644685387611389
YYFMKAP,-1.774215817451477,-0.4510920345783233,0.7142857142857143,0.4285714285714285,0.9899932742118835,0.8899932742118836
YSARGVN,2.741831064224243,-2.081944942474365,0.4285714285714285,0.2857142857142857,1.3415950536727903,1.0
SLHKVIN,0.6720660328865051,-1.0172399282455444,0.7142857142857143,0.2857142857142857,1.2133581638336182,1.0
NSMEHNN,-0.1916860342025756,-4.935076713562012,0.7142857142857143,0.4285714285714285,0.7073948979377747,0.5886192861944437
EYGGNTE,-0.847649097442627,-4.709048748016357,0.7142857142857143,0.5714285714285714,0.6551982164382935,0.5434557292610407
YWQHSKL,-1.2201581001281738,0.0408440046012401,0.7142857142857143,0.2857142857142857,1.1049070358276367,1.0
WHERGGI,-0.0331315025687217,-1.3316792249679563,0.5714285714285714,0.4285714285714285,1.09942626953125,0.9494262099266052
AYFWSDN,-4.185410022735596,0.9527863264083862,0.7142857142857143,0.4285714285714285,0.8575648069381714,0.7575648069381714
SFYRGNQ,-1.751179814338684,-0.1026775389909744,0.7142857142857143,0.2857142857142857,1.028787612915039,0.9287875533103944
QVHVSDN,-0.2795826494693756,-4.052597999572754,0.7142857142857143,0.4285714285714285,0.7887909412384033,0.6887909710407257
ANTRSEA,0.5801311135292053,-2.486206293106079,0.5714285714285714,0.2857142857142857,1.0503942966461182,0.9003942370414734
YHSGYVM,-2.53103256225586,-1.3963185548782349,0.7142857142857143,0.4285714285714285,0.8046832084655762,0.7046832084655762
AHGRVIL,-0.0471920371055603,-3.247851848602295,0.5714285714285714,0.2857142857142857,0.8990575075149536,0.749057537317276
YHWCMNH,-4.312498569488525,-0.2231015115976333,0.5714285714285714,0.1428571428571428,0.7209455966949463,0.5709455966949463
YMPDPHP,-0.07271758466959,-4.123586654663086,0.7142857142857143,0.4285714285714285,0.8052820563316345,0.7052820414304733
FTFRRVN,-3.5013463497161865,-0.0100149512290954,0.5714285714285714,0.2857142857142857,0.8365829586982727,0.6865829586982727
PDHPHWA,-0.5653178095817566,-2.217613935470581,0.7142857142857143,0.5714285714285714,0.9461686611175536,0.8461686611175537
APRGMIN,1.4052069187164309,-3.0123612880706787,0.5714285714285714,0.5714285714285714,1.0909621715545654,0.9409621864557266
YRFWGQD,-1.4504717588424685,0.5255240797996521,0.5714285714285714,0.1428571428571428,1.1286206245422363,0.9786205649375916
PHIRNVK,-3.129064083099365,-0.9623872637748718,0.5714285714285714,0.4285714285714285,0.780730664730072,0.630730664730072
DMDLYCK,-4.045222759246826,-2.2884414196014404,0.8571428571428571,0.5714285714285714,0.5375466346740723,0.4875466495752334
VYRRVVR,-4.043729305267334,1.1286081075668335,0.5714285714285714,0.4285714285714285,0.8921387195587158,0.7421387195587158
DEKREFE,0.0384767800569534,-3.3431472778320312,0.7142857142857143,0.1428571428571428,0.899052083492279,0.7990520983934403
EPHKMMW,-0.920173406600952,-2.156308889389038,0.7142857142857143,0.5714285714285714,0.9116080403327942,0.8116080403327942
YKAKISW,-2.8247313499450684,-0.7947416305541992,0.7142857142857143,0.4285714285714285,0.8332123160362244,0.7332123160362244
YWQRGAP,-2.057112216949463,0.5524671673774719,0.7142857142857143,0.4285714285714285,1.0614620447158811,0.9614620447158814
KHLIWGE,-2.3239529132843018,-1.3730109930038452,0.7142857142857143,0.4285714285714285,0.8309794664382935,0.7309794962406159
WKIRSTE,0.5803390741348267,-1.876194953918457,0.7142857142857143,0.4285714285714285,1.1136891841888428,1.0
YWKESKS,-0.0737465545535087,-0.2226339727640152,0.5714285714285714,0.4285714285714285,1.209774136543274,1.0
IQYRSPE,1.228228211402893,-2.0541861057281494,0.7142857142857143,0.4285714285714285,1.1699373722076416,1.0
HVTRIPE,1.035425305366516,-3.278418779373169,0.7142857142857143,0.5714285714285714,1.0207260847091677,0.92072611451149
YCRNGRE,-3.62208890914917,-0.4329127967357635,0.5714285714285714,0.4285714285714285,0.7787964344024658,0.6287964642047882
YYIKEAN,-0.4794679880142212,-0.0064289257861673,0.7142857142857143,0.1428571428571428,1.1854145526885986,1.0
HIKRGAR,-3.3593239784240723,0.4269345700740814,0.7142857142857143,0.5714285714285714,0.8982807397842407,0.7982807695865631
YHQKNNP,1.352813959121704,-1.5889103412628174,0.5714285714285714,0.2857142857142857,1.2325624227523804,1.0
TSKWFGW,-4.438540458679199,-0.3390866219997406,0.5714285714285714,0.5714285714285714,0.6943813562393188,0.5443813562393188
RTWKNYS,-4.056083679199219,0.388129860162735,0.7142857142857143,0.5714285714285714,0.8139109015464783,0.7139109015464783
QHSPSVL,-0.3811511397361755,-3.831400632858277,0.5714285714285714,0.4285714285714285,0.8000216484069824,0.6500216633081436
ECHERIP,-3.137492418289185,-1.6188338994979858,0.7142857142857143,0.4285714285714285,0.7116714119911194,0.6116714119911194
TQKQGLS,1.1993417739868164,-3.9772584438323975,0.5714285714285714,0.4285714285714285,0.9671433568000792,0.8171433418989181
YYAKSFQ,-0.5076982378959656,-0.8326576352119446,0.5714285714285714,0.4285714285714285,1.0964618921279907,0.9464618921279908
YYMWIGG,-3.217280626296997,0.6651402711868286,0.7142857142857143,0.5714285714285714,0.9393669962882996,0.8393669962882996
VREKSIN,1.391337275505066,-2.820756196975708,0.5714285714285714,0.2857142857142857,1.1092363595962524,0.9592363595962524
FGQRSAD,2.016934633255005,-3.521571636199951,0.7142857142857143,0.4285714285714285,1.108686089515686,1.0
CFNRCQP,-3.1561594009399414,-0.4960900247097015,0.5714285714285714,0.5714285714285714,0.8259710669517517,0.6759710669517517
HHHEIAY,-1.3128608465194702,-1.9734195470809937,0.7142857142857143,0.4285714285714285,0.8852957487106323,0.7852957785129547
TYALNDE,-0.9259152412414552,-2.4858031272888184,0.7142857142857143,0.2857142857142857,0.8767704963684082,0.7767704665660858
MYMEPRD,-0.20832060277462,-2.648722648620605,0.7142857142857143,0.5714285714285714,0.9426197409629822,0.8426197409629822
YRMVSTD,0.8283346891403198,-2.946425437927246,0.7142857142857143,0.4285714285714285,1.031280755996704,0.9312807261943816
KYYHSEP,-0.997163951396942,-0.2752890288829803,0.5714285714285714,0.4285714285714285,1.09783136844635,0.94783136844635
TRHCKPV,-4.313384056091309,-0.23928003013134,0.5714285714285714,0.4285714285714285,0.7191654443740845,0.5691654443740845
IGIIITN,-0.9770942330360411,-3.55365252494812,0.7142857142857143,0.4285714285714285,0.7601104974746704,0.660110467672348
LLHALRG,0.1546360999345779,-2.6240220069885254,0.5714285714285714,0.5714285714285714,0.987035036087036,0.8370350360870361
DHIYYAT,-3.653376579284668,-1.4149194955825806,0.7142857142857143,0.5714285714285714,0.6733338832855225,0.5733338832855225
TQNKNWR,-3.536123037338257,-0.8026959300041199,0.7142857142857143,0.4285714285714285,0.7503551244735718,0.6503551244735718
YIGLGCE,-4.184404850006104,-0.0840289965271949,0.5714285714285714,0.4285714285714285,0.7501411437988281,0.6001411139965057
YEWHNHF,-2.2927496433258057,-0.70243239402771,0.7142857142857143,0.1428571428571428,0.9041306972503662,0.8041307270526886
SYVMSNT,-0.5212080478668213,-1.121220946311951,0.7142857142857143,0.2857142857142857,1.064974069595337,0.9649740099906922
FFFRSTE,-2.1430037021636963,-0.0452030152082443,0.7142857142857143,0.2857142857142857,0.9895667433738708,0.8895667433738709
MKHWTIT,-1.6671526432037354,-0.733872652053833,0.8571428571428571,0.5714285714285714,0.9730086922645568,0.9230086922645568
TEVRHIM,-0.6514266729354858,-2.87616229057312,0.7142857142857143,0.5714285714285714,0.8679338693618774,0.7679338693618775
MYTRSYL,-3.019541025161743,1.40751850605011,0.4285714285714285,0.0,1.0391689538955688,0.8391689836978913
YPSNSNH,1.268365502357483,-4.295926094055176,0.5714285714285714,0.2857142857142857,0.9420500993728638,0.7920501142740249
VVSKSCW,-3.2053678035736084,-0.8332186341285706,0.5714285714285714,0.4285714285714285,0.7853293418884277,0.6353293716907501
MYSTNGI,0.3675078153610229,-2.769146203994751,0.5714285714285714,0.5714285714285714,0.9965293407440186,0.8465293407440185
YYHLLEM,-3.551210165023804,-0.5137966275215149,0.7142857142857143,0.4285714285714285,0.7785803079605103,0.6785802781581879
IYQRKEG,1.572415828704834,-1.3622918128967283,0.7142857142857143,0.1428571428571428,1.2813903093338013,1.0
HMQYVDK,-0.0380771644413471,-2.163879156112671,0.7142857142857143,0.5714285714285714,1.012539267539978,0.9125392973423004
IHYKHPE,1.4140777587890625,-1.7916103601455688,0.7142857142857143,0.4285714285714285,1.2186026573181152,1.0
QHHKIII,-0.5292014479637146,-1.704228162765503,0.7142857142857143,0.4285714285714285,1.0035821199417114,0.9035821199417114
FYTADAE,-2.2697441577911377,-3.174278497695923,0.7142857142857143,0.4285714285714285,0.6504011750221252,0.5504011601209641
YATKFYA,0.5333940982818604,-1.496564507484436,0.7142857142857143,0.2857142857142857,1.147651433944702,1.0
IGHKDND,0.8764716386795044,-4.216148376464844,0.7142857142857143,0.2857142857142857,0.9051344990730286,0.8051345214247704
TEHKDLP,0.7809001803398132,-4.330562591552734,0.5714285714285714,0.2857142857142857,0.8822468519210815,0.7322468221187591
VHVREWD,-0.6701585650444031,-0.144946277141571,0.7142857142857143,0.4285714285714285,1.14905846118927,1.0
VHSHGYF,-1.393469214439392,-1.2220431566238403,0.7142857142857143,0.4285714285714285,0.9539341926574708,0.8539342224597931
YYMRATW,-3.7139949798583984,1.330263614654541,0.7142857142857143,0.4285714285714285,0.9510769844055176,0.8510769844055176
VHLNDTA,0.160280629992485,-5.04060173034668,0.7142857142857143,0.2857142857142857,0.7370358109474182,0.6149766277521849
YFGKVPP,0.919895350933075,-2.700978279113769,0.7142857142857143,0.2857142857142857,1.067296862602234,0.9672968327999116
YHFDEQI,-2.421543598175049,-1.2546955347061155,0.7142857142857143,0.2857142857142857,0.8319979310035706,0.7319979310035706
YQKYDQP,0.3397336900234222,-0.879329264163971,0.7142857142857143,0.4285714285714285,1.189340353012085,1.0
DKSMHYF,-1.030229926109314,-2.267621755599976,0.7142857142857143,0.5714285714285714,0.8873716592788696,0.7873716294765473
HWSGTVT,-1.322129249572754,-2.851814031600952,0.5714285714285714,0.4285714285714285,0.7931190729141235,0.6431191027164459
IFYRMNE,-3.266563415527344,0.1890982240438461,0.7142857142857143,0.4285714285714285,0.8843085765838623,0.7843085467815399
YFVRTWE,-2.8840909004211426,0.0294941700994968,0.7142857142857143,0.1428571428571428,0.9118580222129822,0.8118580222129822
DRHHMRH,-1.3451063632965088,-0.4717737138271332,0.7142857142857143,0.4285714285714285,1.0373297929763794,0.9373297929763794
NHCRSNN,-3.3614749908447266,-0.1018147990107536,0.4285714285714285,0.2857142857142857,0.8431903123855591,0.6431903123855591
CTHWPRY,-5.121364116668701,0.9931767582893372,0.7142857142857143,0.4285714285714285,0.7538271546363831,0.6538271471858025
YHHSDRP,0.7499644160270691,-2.32069730758667,0.7142857142857143,0.2857142857142857,1.0871448516845703,0.987144821882248
WEKDDAN,0.244344875216484,-3.5290212631225586,0.7142857142857143,0.5714285714285714,0.9035121202468872,0.8035120904445648
DMMSKVY,-0.271548181772232,-1.5204274654388428,0.7142857142857143,0.5714285714285714,1.0523567199707031,0.9523567199707031
YKHTAVL,0.8725551962852478,-1.7717710733413696,0.7142857142857143,0.4285714285714285,1.1582162380218506,1.0
MHDAGNE,-0.3656596541404724,-4.798779010772705,0.7142857142857143,0.4285714285714285,0.7014705538749695,0.5869359847158193
PIRRTGA,-1.667916178703308,-1.724057674407959,0.7142857142857143,0.4285714285714285,0.8702176809310913,0.7702176511287689
YYDYKLM,-1.1951411962509155,-1.5810149908065796,0.7142857142857143,0.5714285714285714,0.9395709037780762,0.8395709037780762
YWQRCGW,-4.214677333831787,0.617020308971405,0.7142857142857143,0.2857142857142857,0.8193638920783997,0.7193638771772385
RNKIVEP,0.6889767050743103,-4.336150646209717,0.4285714285714285,0.5714285714285714,0.8710674047470093,0.6709281068295241
VYYQENA,-1.7699999809265137,-0.6943224668502808,0.7142857142857143,0.4285714285714285,0.965251326560974,0.8652513265609741
YRVSNVE,0.7814199328422546,-3.624637126922608,0.5714285714285714,0.4285714285714285,0.9555261135101318,0.8055260837078094
YHNWHNW,-1.6215780973434448,-0.568023681640625,0.5714285714285714,0.4285714285714285,0.9954659938812256,0.845466023683548
YDYRWVE,-2.540833711624145,-0.5623120069503784,0.7142857142857143,0.4285714285714285,0.8900569677352905,0.7900569975376129
HHGRWSD,-0.8471529483795166,-0.1583070009946823,0.7142857142857143,0.4285714285714285,1.1272629499435425,1.0
YHHIRQL,-0.9780647158622742,-0.3827674686908722,0.7142857142857143,0.2857142857142857,1.088886022567749,0.9888859629631044
AHFKNAN,0.7183962464332581,-2.6546342372894287,0.7142857142857143,0.4285714285714285,1.0488684177398682,0.9488683581352234
LFQSSTQ,-0.530225932598114,-3.700204849243164,0.5714285714285714,0.5714285714285714,0.7964392900466919,0.6464393198490143
YHSMAQL,-0.3066609501838684,-2.3557448387146,0.7142857142857143,0.4285714285714285,0.961667776107788,0.8616678059101105
ARSPVGG,2.466703414916992,-4.126578330993652,0.7142857142857143,0.0,1.097797989845276,0.9977980345487596
YTIKNNQ,1.4304602146148682,-2.6397671699523926,0.5714285714285714,0.4285714285714285,1.132520079612732,0.982520079612732
EPQCENF,-4.09832239151001,-0.8444087505340576,0.8571428571428571,0.5714285714285714,0.6812001466751099,0.631200161576271
MFHHSPL,-1.3276171684265137,-2.6219515800476074,0.7142857142857143,0.1428571428571428,0.8163278102874756,0.716327840089798
FFLFLYW,-5.188063621520996,0.4742010533809662,0.7142857142857143,0.4285714285714285,0.6923072338104248,0.5923072189092636
HYQKGGN,1.2105271816253662,-1.4687458276748655,0.7142857142857143,0.1428571428571428,1.228618621826172,1.0
YHWHISE,-2.562678813934326,-0.2296569049358368,0.7142857142857143,0.4285714285714285,0.9220412969589232,0.8220413267612457
VRYRSNE,0.7461550235748291,-0.1468057334423065,0.5714285714285714,0.2857142857142857,1.3121837377548218,1.0
VNSMHGL,-0.0267710778862237,-4.200028419494629,0.7142857142857143,0.5714285714285714,0.8026516437530518,0.7026516139507294
YEHNNNT,-0.1680222153663635,-4.03896951675415,0.7142857142857143,0.2857142857142857,0.8030688166618347,0.7030688315629959
NYSPFDW,-4.042845726013184,0.0572345256805419,0.7142857142857143,0.5714285714285714,0.7811166048049927,0.6811166346073151
KYPRDGF,0.6882604360580444,-2.259523391723633,0.5714285714285714,0.2857142857142857,1.0863746404647827,0.9363746404647828
YRNYGLN,-1.0000718832015991,-0.6271169781684875,0.5714285714285714,0.5714285714285714,1.0610040426254272,0.9110040724277496
VYRRDPM,0.2437269389629364,0.1684066504240036,0.5714285714285714,0.2857142857142857,1.2869417667388916,1.0
YYRKKVY,-2.978505849838257,0.9420279264450072,0.5714285714285714,0.1428571428571428,0.9956197142601012,0.8456197142601013
IYKKINF,-2.6600804328918457,-0.2026558965444564,0.5714285714285714,0.4285714285714285,0.913610339164734,0.7636103093624115
SYSTHNE,0.410640001296997,-1.6613469123840332,0.7142857142857143,0.4285714285714285,1.116405010223389,1.0
ARVKSSE,0.6928368210792542,-2.0625524520874023,0.5714285714285714,0.4285714285714285,1.1073323488235474,0.9573323488235472
IGSKANE,1.0585588216781616,-4.3479204177856445,0.5714285714285714,0.2857142857142857,0.912463903427124,0.7619584169238806
HNERPAN,1.475560188293457,-4.361789226531982,0.5714285714285714,0.4285714285714285,0.9591107368469238,0.8081737201660871
YCWRHNN,-4.465782165527344,1.313817262649536,0.5714285714285714,0.4285714285714285,0.862680971622467,0.7126809567213058
MHLFCNI,-4.452118396759033,-0.5691564679145813,0.7142857142857143,0.1428571428571428,0.6689525842666626,0.5689525544643402
GRSKNAG,-2.0615074634552,-1.4799261093139648,0.7142857142857143,0.4285714285714285,0.8501533269882202,0.7501533269882202
YWFKSHN,-2.1341443061828613,1.2904102802276611,0.5714285714285714,0.4285714285714285,1.1291195154190063,0.9791195452213288
YVIRSNA,1.5098801851272583,-0.2495051771402359,0.5714285714285714,0.2857142857142857,1.3895986080169678,1.0
IKDDECS,-4.067798137664795,-1.3401963710784912,0.8571428571428571,0.4285714285714285,0.6332963705062866,0.583296400308609
PGHPSQV,-0.0191648751497268,-3.92514705657959,0.5714285714285714,0.5714285714285714,0.8320395946502686,0.6820396095514297
GAHKNAN,1.443495273590088,-3.419576406478882,0.7142857142857143,0.0,1.053140640258789,0.9531405806541444
LHHHHSS,-0.3274787664413452,0.3515702784061432,0.5714285714285714,0.4285714285714285,1.2400727272033691,1.0
YMRRDCS,-3.182492971420288,-0.4913019239902496,0.7142857142857143,0.4285714285714285,0.8234310746192932,0.7234310746192932
QVIQDEL,-0.8350611925125122,-4.322515487670898,0.7142857142857143,0.5714285714285714,0.6967414021492004,0.5967413797974587
IANRSND,1.3909529447555542,-4.1239190101623535,0.7142857142857143,0.2857142857142857,0.9740266799926758,0.874026694893837
MVHDCVA,-3.396728515625,-1.2657440900802612,0.7142857142857143,0.5714285714285714,0.7184011936187744,0.618401163816452
SVWITHA,-3.309242010116577,-0.4962560534477234,0.7142857142857143,0.4285714285714285,0.808301568031311,0.7083015680313111
YYHWRNS,-2.435206174850464,0.830345869064331,0.7142857142857143,0.4285714285714285,1.046684980392456,0.9466850101947784
FIKRCNT,-3.923356533050537,-0.2811605036258697,0.8571428571428571,0.2857142857142857,0.7597965002059937,0.709796530008316
HTEWVHP,-1.948155403137207,-2.4095261096954346,0.7142857142857143,0.5714285714285714,0.7668051719665527,0.6668051719665528
EYYCSCA,-4.015653133392334,0.4706201255321502,0.7142857142857143,0.5714285714285714,0.827129065990448,0.7271290510892868
YIQQVSG,0.1343861073255539,-3.4670252799987797,0.7142857142857143,0.2857142857142857,0.8972628116607666,0.7972627967596054
VPSKFGW,-1.656758427619934,-1.0493478775024414,0.7142857142857143,0.2857142857142857,0.94148588180542,0.8414858818054199
HFTRCFE,-4.155269145965576,0.0582078360021114,0.7142857142857143,0.1428571428571428,0.7682538032531738,0.6682538032531739
AGCKHQS,-3.017963171005249,-1.105353832244873,0.7142857142857143,0.5714285714285714,0.7787132859230042,0.6787132859230042
IYKRSNE,1.298511624336243,-0.0258558467030525,0.5714285714285714,0.1428571428571428,1.3884222507476809,1.0
FYTRSKH,0.15628652,0.7767021,0.42857142857142855,0.2857142857142857,0.9329886436462402,0.7329886287450791
HVTRSSA,0.7928822,0.4079139,0.5714285714285714,0.42857142857142855,1.200796127319336,1.0
VETRSQE,0.7090369,0.32588217,0.2857142857142857,0.42857142857142855,1.034919023513794,0.7849190533161163
QYTRNNS,0.84392774,0.64808786,0.42857142857142855,0.2857142857142857,1.4920156002044678,1.0
YHHCQYT,0.15195262,0.6958101,0.7142857142857143,0.42857142857142855,0.8477627038955688,0.7477627038955689
YVHTRSA,0.79707754,0.4436487,0.7142857142857143,0.14285714285714285,1.2407262325286865,1.0
YVHTRSQ,0.6554295,0.51158684,0.5714285714285714,0.0,1.1670162677764893,1.0
HISQDIE,-0.6959409117698669,-4.39977502822876,0.8571428571428571,0.4285714285714285,0.7047702074050903,0.6526511531323195
KEPRDHN,0.748363733291626,-3.290524244308472,0.7142857142857143,0.4285714285714285,0.9863687753677368,0.8863687753677368
RHNVNMN,0.1899339705705642,-2.620654582977295,0.5714285714285714,0.5714285714285714,0.9914546012878418,0.8414545714855194
YARRMSW,-3.850005388259888,-0.2280295938253402,0.5714285714285714,0.2857142857142857,0.7737656235694885,0.6237656235694885
EVHYETA,-0.7219638228416443,-3.911491632461548,0.5714285714285714,0.4285714285714285,0.7524147033691406,0.6024146884679794
KHVRTWA,-4.7520527839660645,0.2820102572441101,0.7142857142857143,0.4285714285714285,0.7226502895355225,0.6226503193378449
YYRSSNN,0.2636606395244598,0.670590877532959,0.2857142857142857,0.2857142857142857,1.341327428817749,1.0
SLSKMPE,1.2587891817092896,-4.4071879386901855,0.5714285714285714,0.2857142857142857,0.9294056296348572,0.7770559344440698
VVHYTGG,-0.0734234228730201,-2.8346080780029297,0.7142857142857143,0.4285714285714285,0.938894748687744,0.8388947784900666
IPTHANE,-0.203063428401947,-4.621623992919922,0.7142857142857143,0.4285714285714285,0.7385945916175842,0.6295724462717771
QRKWHNE,-1.46495258808136,-0.3578479886054992,0.7142857142857143,0.1428571428571428,1.0353264808654783,0.9353264808654784
PHIRDTE,0.661396324634552,-4.657727718353272,0.7142857142857143,0.4285714285714285,0.8345326781272888,0.7243871260434389
VWNLAYN,-3.4140939712524414,-0.4479312598705292,0.5714285714285714,0.4285714285714285,0.80122309923172,0.65122309923172
YYMRLAV,-3.4047389030456543,-0.1821699738502502,0.7142857142857143,0.4285714285714285,0.829866886138916,0.7298668563365937
ERHFSPN,-0.1837396919727325,-1.9856232404708865,0.5714285714285714,0.4285714285714285,1.0142314434051514,0.8642315030097961
MCVQIGE,-4.015594005584717,-0.9292854070663452,0.7142857142857143,0.2857142857142857,0.6819362640380859,0.5819362491369248
VYHDRYE,-0.4499842226505279,-0.6709451079368591,0.7142857142857143,0.4285714285714285,1.1198900938034058,1.0
ASHGGTG,0.7679252624511719,-4.358508110046387,0.5714285714285714,0.5714285714285714,0.8778521418571472,0.7270171988755465
ITHLWPV,-4.081114768981934,0.5633877515792847,0.7142857142857143,0.5714285714285714,0.8292025327682495,0.7292025029659271
VKHKYWK,-4.322082996368408,0.72962486743927,0.7142857142857143,0.4285714285714285,0.818658173084259,0.718658173084259
YHSHMFE,-1.1739318370819092,-2.013704776763916,0.7142857142857143,0.1428571428571428,0.8971376419067383,0.7971376121044159
MQVPVHQ,0.0815317332744598,-4.840077877044678,0.7142857142857143,0.4285714285714285,0.7487536668777466,0.6329340189695358
TNERSIL,0.3775377869606018,-3.191650390625,0.7142857142857143,0.2857142857142857,0.9538633823394777,0.8538633525371552
VHKRSEG,0.3182632625102997,0.0100685041397809,0.5714285714285714,0.1428571428571428,1.27911376953125,1.0
FCCRAHP,-3.435685157775879,-0.6382221579551697,0.7142857142857143,0.5714285714285714,0.7789962291717529,0.6789961993694306
DDMQGNW,-1.194601058959961,-2.011947631835937,0.7142857142857143,0.4285714285714285,0.8949364423751831,0.7949364423751831
YNARDTL,1.0324102640151978,-3.834210157394409,0.7142857142857143,0.4285714285714285,0.9627311825752258,0.862731197476387
TYFRQFT,-4.07371997833252,0.7183973789215088,0.5714285714285714,0.4285714285714285,0.8461329936981201,0.6961329638957977
SYVSCEY,-4.353499412536621,0.8679214119911194,0.7142857142857143,0.5714285714285714,0.8293797373771667,0.7293797373771668
YEQRREY,-0.5276731252670288,-1.0722286701202393,0.7142857142857143,0.4285714285714285,1.069309949874878,0.9693099796772005
TQHWHGN,-1.074944019317627,-1.7641535997390747,0.7142857142857143,0.4285714285714285,0.9344358444213868,0.8344358444213867
YHHFVHP,-2.1445491313934326,-0.4767820835113525,0.7142857142857143,0.2857142857142857,0.9446247220039368,0.8446247220039368
LWCTIKD,-4.429619312286377,-0.0267830714583396,0.7142857142857143,0.4285714285714285,0.7278025150299072,0.6278025299310684
HYQEYHI,-2.2569313049316406,-1.5075892210006714,0.7142857142857143,0.5714285714285714,0.8247493505477905,0.7247493207454682
AYSFEED,-2.118260622024536,-1.6903209686279297,0.7142857142857143,0.4285714285714285,0.821786642074585,0.721786642074585
IYPLFNN,-3.133163452148437,-0.0361104719340801,0.5714285714285714,0.5714285714285714,0.8763322830200195,0.7263323128223419
VQNRKMG,-1.630988836288452,-1.4533661603927612,0.5714285714285714,0.4285714285714285,0.9025522470474244,0.7525522172451019
YMAKNYY,-0.9811041355133056,-1.9511237144470213,0.7142857142857143,0.2857142857142857,0.925864040851593,0.825864040851593
CYIDNPE,-4.415139198303223,-1.3958613872528076,0.8571428571428571,0.1428571428571428,0.5874700546264648,0.537470069527626
KPVKSHD,0.0024570701643824,-1.376735806465149,0.7142857142857143,0.5714285714285714,1.0988566875457764,0.9988567471504212
NHYHVNL,-1.6039936542510986,-2.1251885890960693,0.7142857142857143,0.5714285714285714,0.8359830379486084,0.7359830379486084
IDNRATP,0.5626731514930725,-4.2569966316223145,0.7142857142857143,0.1428571428571428,0.8647128939628601,0.7647129163146019
YVNFNEH,-1.6049262285232544,-1.1290810108184814,0.5714285714285714,0.4285714285714285,0.9391927719116212,0.7891927719116211
AHGKRVR,-4.138020992279053,0.2639553844928741,0.7142857142857143,0.5714285714285714,0.7915831208229065,0.6915831059217453
AHQRHIE,1.1452375650405884,-3.188527822494507,0.7142857142857143,0.4285714285714285,1.0427124500274658,0.9427124053239824
PWHKLGY,-3.328847646713257,1.192113995552063,0.7142857142857143,0.4285714285714285,0.9811601638793944,0.8811601936817169
REIPQQT,0.0496364831924438,-4.38232421875,0.8571428571428571,0.5714285714285714,0.7925543785095215,0.7409783881157637
FKSCNHL,-3.281233310699463,-1.7853058576583862,0.7142857142857143,0.4285714285714285,0.6778297424316406,0.5778297126293183
TWHKTLP,0.3925304710865021,0.5480861663818359,0.5714285714285714,0.4285714285714285,1.3434815406799316,1.0
YWGKQME,-0.6181663870811462,0.2185852825641632,0.7142857142857143,0.2857142857142857,1.1927595138549805,1.0
THKRQGG,-2.0457653999328613,-0.4487090408802032,0.5714285714285714,0.4285714285714285,0.9589275121688844,0.8089275121688843
KMRRKPF,-3.8638875484466553,0.615359902381897,0.7142857142857143,0.5714285714285714,0.8596420288085938,0.759642043709755
YYYRADV,-3.095698833465576,0.3669964671134949,0.7142857142857143,0.1428571428571428,0.922463059425354,0.8224630892276764
PGHARTA,1.603299617767334,-3.1494669914245605,0.7142857142857143,0.2857142857142857,1.0995839834213257,0.9995840281248092
YCRRRAW,-4.720943450927734,1.3045963048934937,0.7142857142857143,0.4285714285714285,0.8323013186454773,0.7323013186454773
RYVRSHN,-4.660285949707031,0.9964902997016908,0.5714285714285714,0.4285714285714285,0.8073387742042542,0.6573387891054153
IYARWNE,-2.5893704891204834,1.708139419555664,0.7142857142857143,0.2857142857142857,1.1199536323547363,1.0
YAKWCAN,-3.671633720397949,-1.0072420835494995,0.4285714285714285,0.4285714285714285,0.7135133147239685,0.5135133147239686
IFGKRNQ,-2.797928810119629,-0.6376895904541016,0.7142857142857143,0.5714285714285714,0.8525925874710083,0.7525925576686859
CWKEQFD,-3.6544461250305176,0.7392084002494812,0.7142857142857143,0.2857142857142857,0.8966388702392578,0.7966389000415802
CDNRDLN,-3.933049201965332,-0.282559186220169,0.7142857142857143,0.4285714285714285,0.758533775806427,0.6585337609052658
YFALTAN,-1.895342707633972,-0.9983730912208556,0.5714285714285714,0.4285714285714285,0.9192613363265992,0.7692613065242767
EVFQRLD,0.3370711505413055,-2.568087577819824,0.5714285714285714,0.5714285714285714,1.01387357711792,0.8638735771179199
YYTRIAP,-0.8585301637649536,-0.6550655364990234,0.4285714285714285,0.2857142857142857,1.0744266510009766,0.8744267106056214
YTKRPTW,-2.432494878768921,-0.1288243383169174,0.5714285714285714,0.4285714285714285,0.947511613368988,0.797511613368988
YQHKSWG,-0.2784840762615204,-0.1243409141898155,0.5714285714285714,0.1428571428571428,1.1963603496551514,1.0
RHWFMMD,-3.971458911895752,0.9018340110778807,0.5714285714285714,0.2857142857142857,0.8769511580467224,0.7269511431455612
THHYYNW,-2.602614641189575,1.0328099727630615,0.7142857142857143,0.5714285714285714,1.0483806133270264,0.9483805537223816
YFHKRET,-0.5409210324287415,-0.097314603626728,0.7142857142857143,0.0,1.168901443481445,1.0
YIKRVSN,0.38160974,0.58893013,0.5714285714285714,0.2857142857142857,0.9705398678779602,0.8205398678779602
YIKRHSW,0.32299858,0.7056323,0.7142857142857143,0.42857142857142855,1.0286309719085693,0.9286309123039246
YIKKPNS,0.6343593,0.50018936,0.7142857142857143,0.42857142857142855,1.1345486640930176,1.0
YIHYNAI,0.3576187,0.42004153,0.7142857142857143,0.42857142857142855,0.7776602506637573,0.677660220861435
YTKVYQG,0.8477647,0.55396485,0.7142857142857143,0.42857142857142855,1.4017295837402344,1.0
LYIKFGA,0.4796336,0.5773917,0.7142857142857143,0.42857142857142855,1.0570253133773804,0.957025283575058
YTKQYGH,0.7525084,0.53883696,0.7142857142857143,0.0,1.2913453578948975,1.0
YTKDAHN,0.8874334,0.21867082,0.5714285714285714,0.42857142857142855,1.1061042547225952,0.9561042249202728
YYTKQMN,0.69735175,0.5406353,0.5714285714285714,0.0,1.2379870414733887,1.0
YTKQYGH,0.73734325,0.57918346,0.7142857142857143,0.0,1.3165266513824463,1.0
YYTKQMN,0.680534,0.58116496,0.5714285714285714,0.0,1.2616989612579346,1.0
FVTKSVN,0.8877847194671631,-2.241464853286743,0.5714285714285714,0.4285714285714285,1.1112552881240845,0.9612553179264068
TWHKQLG,-0.3840290307998657,0.2262566238641739,0.5714285714285714,0.2857142857142857,1.2205541133880615,1.0
YTVRHPN,0.5264568328857422,-1.0900791883468628,0.5714285714285714,0.0,1.18901264667511,1.0
MPSYNEP,-0.6224719285964966,-4.277137756347656,0.7142857142857143,0.5714285714285714,0.7259621620178223,0.6259621471166611
YARQDVD,1.267220377922058,-0.779173731803894,0.5714285714285714,0.2857142857142857,1.3066792488098145,1.0
CFFRMFV,-5.480032920837402,1.464476227760315,0.7142857142857143,0.5714285714285714,0.7613518834114075,0.6613518573343754
VWFRTGG,-2.2824594974517822,1.1167229413986206,0.5714285714285714,0.4285714285714285,1.0940020084381104,0.9440019488334656
YKDQIRT,1.188112497329712,-2.48567271232605,0.8571428571428571,0.5714285714285714,1.120557188987732,1.0
YVYMHEK,-1.0005385875701904,-0.1064073219895362,0.7142857142857143,0.4285714285714285,1.1149587631225586,1.0
YYHQTHA,-0.9238899946212769,-1.39589262008667,0.7142857142857143,0.4285714285714285,0.9900506138801576,0.8900506138801575
FVYRPGA,-0.4290154278278351,-0.1766097992658615,0.5714285714285714,0.2857142857142857,1.1735808849334717,1.0
AFYTIND,-2.8775558471679688,-0.9469138383865356,0.8571428571428571,0.5714285714285714,0.8113375902175903,0.7613375604152679
YEVRTTW,-2.5853421688079834,-0.6373956203460693,0.7142857142857143,0.4285714285714285,0.8771369457244873,0.7771369457244873
HMHKNNQ,-0.5271221995353699,-0.704353392124176,0.7142857142857143,0.2857142857142857,1.107529878616333,1.0
NPSKAYE,1.4912189245224,-3.6297764778137207,0.7142857142857143,0.4285714285714285,1.0368415117263794,0.9368415415287018
IYIGCIE,-4.12384843826294,0.1865821778774261,0.7142857142857143,0.5714285714285714,0.78519207239151,0.68519207239151
SHKRWPD,-1.4848546981811523,0.7777658700942993,0.5714285714285714,0.2857142857142857,1.1508185863494873,1.0
FHGLMEP,-1.2720484733581543,-3.9714434146881104,0.5714285714285714,0.4285714285714285,0.6827649474143982,0.532764932513237
FYHLHNS,-2.0105714797973637,-1.4238077402114868,0.7142857142857143,0.4285714285714285,0.8618475198745728,0.7618475496768952
YHWRAKE,0.2619635462760925,0.4930354952812195,0.7142857142857143,0.2857142857142857,1.3227155208587646,1.0
VIKDSEV,1.0229969024658203,-3.513054370880127,0.7142857142857143,0.4285714285714285,0.9949563145637512,0.8949563294649124
RCISSEW,-3.3385257720947266,-0.624445915222168,0.7142857142857143,0.5714285714285714,0.7916287779808044,0.6916287779808045
VYRRNNW,-2.605374574661255,0.4632734656333923,0.5714285714285714,0.1428571428571428,0.9889894723892212,0.8389894425868988
EAKRSED,0.3498626053333282,-2.588881015777588,0.5714285714285714,0.2857142857142857,1.0131919384002686,0.8631919085979461
GHSKSYN,0.5229681730270386,-0.9389525651931764,0.5714285714285714,0.4285714285714285,1.2042853832244873,1.0
TKDHFGE,0.4062071144580841,-4.319720268249512,0.7142857142857143,0.5714285714285714,0.8401647210121155,0.7401647061109543
VYYIAAY,-3.2780706882476807,0.5535974502563477,0.7142857142857143,0.4285714285714285,0.9207878112792968,0.8207878410816193
IFARDGM,-1.3291010856628418,-2.345123767852783,0.7142857142857143,0.4285714285714285,0.8448696136474609,0.7448695838451386
MYYHSNY,-3.2631654739379883,-0.6368814706802368,0.7142857142857143,0.4285714285714285,0.7990289330482483,0.6990289330482483
SVMQMDN,-0.8472015261650085,-4.017753601074219,0.7142857142857143,0.5714285714285714,0.7269516587257385,0.6269516587257385
HYIRAAR,-4.235743999481201,0.1103270873427391,0.5714285714285714,0.2857142857142857,0.7643799185752869,0.6143799185752868
SYMNSDF,-2.3306331634521484,-1.7080135345458984,0.7142857142857143,0.5714285714285714,0.7954623699188232,0.6954623997211457
TLYDDEH,-0.8910673260688782,-3.862449169158936,0.7142857142857143,0.4285714285714285,0.7380017042160034,0.6380017042160034
QCKKPNP,-3.2638423442840576,-0.7072160840034485,0.7142857142857143,0.4285714285714285,0.7916556596755981,0.6916556596755982
YDHGANQ,-0.0775803849101066,-3.019254207611084,0.5714285714285714,0.4285714285714285,0.9192637801170348,0.7692637652158737
YWHVIAY,-4.178930759429932,0.8571715354919434,0.8571428571428571,0.4285714285714285,0.8483946323394775,0.7983946174383163
VFHGQQG,0.7717062830924988,-3.768598794937134,0.7142857142857143,0.4285714285714285,0.9394741058349608,0.8394740909337998
YQHVSHN,0.782783031463623,-2.5528817176818848,0.5714285714285714,0.2857142857142857,1.0668468475341797,0.9168468177318572
AQGRGQE,0.8192688226699829,-4.314496040344238,0.7142857142857143,0.2857142857142857,0.8883376717567444,0.7883376568555832
YHDKMPT,1.346207857131958,-2.9864580631256104,0.7142857142857143,0.4285714285714285,1.086845636367798,0.9868456214666368
VYSKFDS,0.010666524991393,0.3472547531127929,0.5714285714285714,0.4285714285714285,1.2786173820495603,1.0
YGGYVDE,-2.180765151977539,-2.746391773223877,0.7142857142857143,0.4285714285714285,0.7050423622131348,0.6050423622131348
EYMAHCS,-3.259836912155152,-0.6520503759384155,0.7142857142857143,0.2857142857142857,0.7978394031524658,0.6978394031524658
YHHKQEW,0.6371127963066101,-0.4735917150974273,0.7142857142857143,0.2857142857142857,1.2657153606414795,1.0
TLCREWR,-4.881831645965576,0.697503924369812,0.7142857142857143,0.5714285714285714,0.7507807016372681,0.6507806867361069
WYHCHNR,-4.469448566436768,-0.0480538010597229,0.7142857142857143,0.4285714285714285,0.721003532409668,0.6210035175085068
YWEWPNT,-3.7560606002807617,1.8709688186645508,0.7142857142857143,0.2857142857142857,1.0023088455200195,0.902308875322342
MLVQENF,-2.3569865226745605,-3.1905083656311035,0.7142857142857143,0.5714285714285714,0.6386576890945435,0.5386576741933823
YWHKIVY,-3.2079615592956543,0.5130701065063477,0.7142857142857143,0.1428571428571428,0.9246687293052672,0.8246687293052674
VFHFNIR,-3.302608728408813,-0.4316239655017853,0.7142857142857143,0.5714285714285714,0.815770149230957,0.7157701194286347
CWINMHQ,-4.419944763183594,-0.909680187702179,0.7142857142857143,0.2857142857142857,0.6373431086540222,0.5373431235551834
ERHQGPF,1.037908911705017,-3.690448045730591,0.7142857142857143,0.5714285714285714,0.9782764315605164,0.8782764166593552
YHYVSEN,-1.790764093399048,0.6906243562698364,0.4285714285714285,0.4285714285714285,1.106505036354065,0.9065050661563874
HSEKREI,1.3096067905426023,-2.8360157012939453,0.7142857142857143,0.2857142857142857,1.0982290506362915,0.9982290506362916
YYWQFYD,-4.044961452484131,1.359290361404419,0.7142857142857143,0.4285714285714285,0.915923237800598,0.8159232527017594
SYNKSFR,-3.137418746948242,-0.3215076029300689,0.5714285714285714,0.5714285714285714,0.8462399244308472,0.6962399244308471
VSHCPNN,-3.3866217136383057,-0.5700083374977112,0.7142857142857143,0.2857142857142857,0.7917290329933167,0.6917290329933167
KNVRSWT,-4.303501129150391,-0.0712718144059181,0.7142857142857143,0.4285714285714285,0.7377310991287231,0.637731084227562
ILMRVNI,-1.7000430822372437,-1.5266084671020508,0.5714285714285714,0.2857142857142857,0.8869926929473877,0.7369926631450653
YMYRMGS,-2.758918285369873,0.3552964925765991,0.7142857142857143,0.4285714285714285,0.9600844979286194,0.8600844979286194
MSGKAWP,-0.4024645686149597,0.9413260221481324,0.5714285714285714,0.4285714285714285,1.2925961017608645,1.0
VVGKMTP,1.7243914604187012,-4.315587997436523,0.7142857142857143,0.4285714285714285,0.99259614944458,0.8925961196422577
RDTGPHE,0.1132307946681976,-5.039688587188721,0.5714285714285714,0.5714285714285714,0.7317051291465759,0.559674359485507
GIHIWMN,-3.458179235458374,0.2343085706233978,0.7142857142857143,0.4285714285714285,0.8669021725654602,0.7669021725654602
YQHHVEW,-1.874142408370972,-0.7799959182739258,0.8571428571428571,0.2857142857142857,0.9443562626838684,0.8943562626838684
LTHGENN,-0.3170268833637237,-4.888792991638184,0.7142857142857143,0.4285714285714285,0.6977421641349792,0.580406703799963
YPDWSAD,-2.1483407020568848,-0.3439479768276214,0.7142857142857143,0.4285714285714285,0.9579652547836304,0.8579652547836304
YGMTPWF,-3.682407379150391,-0.2934670746326446,0.7142857142857143,0.4285714285714285,0.7863044738769531,0.6863044738769531
YHCRHSW,-4.480186462402344,1.065013408660889,0.7142857142857143,0.2857142857142857,0.8352137207984924,0.7352137207984925
GHGRANE,0.7230620980262756,-2.9089157581329346,0.7142857142857143,0.2857142857142857,1.0230320692062378,0.9230320692062378
DNEKRFM,0.076413445174694,-2.3739051818847656,0.7142857142857143,0.2857142857142857,1.0039573907852173,0.9039574205875396
IYFGGGR,-2.61860466003418,-1.807294487953186,0.5714285714285714,0.4285714285714285,0.7519582509994507,0.6019582509994507
HWRKASN,-4.1025567054748535,0.326079249382019,0.5714285714285714,0.2857142857142857,0.8021160364151001,0.6521160662174225
HTMQSDV,-0.4142442643642425,-4.332386493682861,0.7142857142857143,0.7142857142857143,0.7442429065704346,0.6442207414656878
RHGRQVQ,-4.695755958557129,-0.5921851992607117,0.5714285714285714,0.4285714285714285,0.6384696364402771,0.4884696513414382
YHNMSCV,-3.4636144638061523,-1.271521806716919,0.5714285714285714,0.4285714285714285,0.7100890874862671,0.5600891172885895
PNEKNNF,0.9681973457336426,-3.891192674636841,0.7142857142857143,0.4285714285714285,0.9494163990020752,0.8494163990020752
YMHFLPE,-2.9187028408050537,-1.5357269048690796,0.7142857142857143,0.4285714285714285,0.7455204725265503,0.6455205023288727
YNVSDTW,-2.5877695083618164,-0.991735816001892,0.5714285714285714,0.4285714285714285,0.8401044607162476,0.6901044905185699
FMCDVYE,-4.698441505432129,-0.4490531384944916,0.8571428571428571,0.5714285714285714,0.6530057191848755,0.6030057042837143
IAMKMSE,0.8789322972297668,-3.7934141159057617,0.7142857142857143,0.5714285714285714,0.9492647051811218,0.849264720082283
CRHKREV,-4.14094877243042,0.8752143979072571,0.5714285714285714,0.4285714285714285,0.854645848274231,0.7046458780765533
ARNLGWA,-2.195641040802002,-1.3227001428604126,0.7142857142857143,0.5714285714285714,0.8509937524795532,0.7509937524795532
AYWIMPF,-4.631514072418213,0.3493396043777466,0.7142857142857143,0.5714285714285714,0.7435334324836731,0.6435334175825119
MNWNMQN,-1.406767725944519,-0.5162689089775085,0.7142857142857143,0.5714285714285714,1.025604248046875,0.9256043076515198
DCGKSVD,-3.716256618499756,-0.8503230810165405,0.5714285714285714,0.4285714285714285,0.7246435880661011,0.5746435582637787
SHHVGFF,-2.535027980804444,-1.3578070402145386,0.7142857142857143,0.4285714285714285,0.80821692943573,0.70821692943573
DKQRNVI,1.0886505842208862,-4.206263065338135,0.7142857142857143,0.5714285714285714,0.9306266903877258,0.8306267127394676
DHSKGHM,0.9874209761619568,-3.0510036945343018,0.7142857142857143,0.5714285714285714,1.038778305053711,0.9387783497571944
YGRVSCV,-3.87021803855896,-0.0751602351665496,0.5714285714285714,0.4285714285714285,0.787290632724762,0.6372906476259231
MFHSEQI,-0.506107747554779,-3.3124430179595947,0.7142857142857143,0.4285714285714285,0.8394394516944885,0.7394394665956497
FSWRGDN,-1.4786471128463743,-0.0171881765127182,0.5714285714285714,0.2857142857142857,1.0690809488296509,0.9190809488296507
QHISAEN,0.060186892747879,-4.882174491882324,0.7142857142857143,0.5714285714285714,0.7419260144233704,0.6247965086251497
YNHKLEV,1.5350558757781982,-2.662449836730957,0.5714285714285714,0.4285714285714285,1.142228603363037,0.9922285735607148
HANQTYA,0.0017623208696022,-2.9938900470733643,0.7142857142857143,0.5714285714285714,0.9310437440872192,0.8310437440872193
CFDRAQQ,-3.987327098846436,-0.5404523611068726,0.5714285714285714,0.4285714285714285,0.7255259156227112,0.57552590072155
CGPKCYI,-4.038450717926025,-0.3908726572990417,0.7142857142857143,0.4285714285714285,0.7351453304290771,0.6351453304290772
VQTTIES,-1.051963448524475,-4.6193952560424805,0.5714285714285714,0.5714285714285714,0.6409372091293335,0.4819844368845224
VHYKHED,1.1980928182601929,-1.550750970840454,0.7142857142857143,0.0,1.2186791896820068,1.0
YARIDDC,-3.3734359741210938,0.0451073721051216,0.5714285714285714,0.4285714285714285,0.8570499420166016,0.7070499420166015
YYSPENF,-2.0988714694976807,-1.3655461072921753,0.7142857142857143,0.4285714285714285,0.8577084541320801,0.7577084243297577
YMIRNPN,0.1991912275552749,-0.952202558517456,0.5714285714285714,0.4285714285714285,1.165575623512268,1.0
YIIKSKP,-1.2750974893569946,-0.3543914556503296,0.7142857142857143,0.4285714285714285,1.0575776100158691,0.957577669620514
KYFRQYW,-4.886720180511475,0.8379632234573364,0.7142857142857143,0.4285714285714285,0.7647855281829834,0.6647855505347252
DWEKSNH,0.4820009171962738,-1.64689302444458,0.7142857142857143,0.4285714285714285,1.1261329650878906,1.0
YPMKSAN,2.524554252624512,-1.968278288841248,0.5714285714285714,0.4285714285714285,1.3283300399780271,1.0
HYNRNAN,0.7175869941711426,-0.987479567527771,0.5714285714285714,0.2857142857142857,1.221693992614746,1.0
YYMAHCT,-4.086920261383057,0.445140391588211,0.7142857142857143,0.0,0.816268265247345,0.716268265247345
SYYHQTF,-2.5512852668762207,-0.4452420771121979,0.5714285714285714,0.4285714285714285,0.9009944796562196,0.7509944796562195
YRMYAQE,-0.4274129271507263,-1.0583186149597168,0.7142857142857143,0.2857142857142857,1.0823140144348145,0.982313984632492
IVGRVEL,0.1858615577220916,-2.3655548095703125,0.5714285714285714,0.4285714285714285,1.0174442529678345,0.8674442231655121
CGMHSTW,-3.2569119930267334,-1.503591775894165,0.7142857142857143,0.5714285714285714,0.7098539471626282,0.6098539471626282
EPNRLET,0.3550612926483154,-3.571057081222534,0.7142857142857143,0.4285714285714285,0.911919116973877,0.811919116973877
THNRQGF,0.5358457565307617,-2.60683536529541,0.4285714285714285,0.4285714285714285,1.03277587890625,0.8327758193016053
YPLKTNN,1.6389765739440918,-2.685800552368164,0.5714285714285714,0.4285714285714285,1.151789903640747,1.0
YYKDSET,-0.2451550960540771,-0.4271484315395355,0.5714285714285714,0.2857142857142857,1.1687960624694824,1.0
ARTKSLE,0.727592408657074,-3.0116517543792725,0.5714285714285714,0.4285714285714285,1.012898564338684,0.8628985643386841
YQKKWSE,0.3704918026924133,-1.2866315841674805,0.7142857142857143,0.1428571428571428,1.1506413221359253,1.0
LVMRTHA,1.068555474281311,-2.5174922943115234,0.5714285714285714,0.1428571428571428,1.1034704446792605,0.9534704744815826
HHHKPNP,0.3366952538490295,-0.5990601181983948,0.7142857142857143,0.0,1.218059778213501,1.0
YKPPLRS,-0.861727774143219,-1.8393006324768064,0.7142857142857143,0.0,0.9512279033660888,0.8512279331684113
YHHNSEA,0.6437353491783142,-2.218892812728882,0.5714285714285714,0.0,1.0854545831680298,0.9354546129703522
YIHHITN,-0.786575436592102,-1.7249270677566528,0.5714285714285714,0.2857142857142857,0.971756875514984,0.8217568755149841
FSSPYWS,-3.450049638748169,-0.3036800622940063,0.5714285714285714,0.5714285714285714,0.8120388984680176,0.6620388686656952
YFPKNPE,0.520412266254425,-1.814464092254639,0.7142857142857143,0.2857142857142857,1.113181710243225,1.0
SNKRSNP,-1.4240388870239258,-1.1302239894866943,0.5714285714285714,0.1428571428571428,0.959932804107666,0.8099327743053436
MMPNYLN,-1.8039792776107788,-1.6810691356658936,0.7142857142857143,0.2857142857142857,0.8589867353439331,0.7589867055416107
FMTFTKG,-0.4618160426616668,-1.605518817901611,0.7142857142857143,0.5714285714285714,1.0215907096862793,0.921590769290924
YANRHHE,1.013371825218201,-1.9920549392700195,0.7142857142857143,0.2857142857142857,1.1516060829162598,1.0
HDVFMNN,-1.3262604475021362,-3.553632974624634,0.7142857142857143,0.5714285714285714,0.7198493480682373,0.6198493182659149
YNGRTTW,-1.8364723920822144,-0.7453113794326782,0.5714285714285714,0.2857142857142857,0.9522976279258728,0.8022976279258728
QMGRFRN,-3.316288948059082,-1.1630182266235352,0.7142857142857143,0.0,0.73833167552948,0.63833167552948
YWSYEDD,-2.248206615447998,0.0529842339456081,0.5714285714285714,0.2857142857142857,0.9876196384429932,0.8376196682453155
ICMVSDR,-3.992718458175659,-1.11068594455719,0.7142857142857143,0.5714285714285714,0.6657590270042419,0.565759027004242
HNSTDSN,-0.6278170943260193,-4.683764457702637,0.7142857142857143,0.5714285714285714,0.6831700205802917,0.5722143176943064
DSPRSTK,-0.3327206969261169,-2.4482533931732178,0.5714285714285714,0.4285714285714285,0.9490677118301392,0.7990677416324615
YVLQQDC,-4.054746150970459,-1.138429045677185,0.7142857142857143,0.5714285714285714,0.6557289361953735,0.5557289212942124
YPKKVQN,-1.5172321796417236,-1.633758783340454,0.5714285714285714,0.4285714285714285,0.8969593048095703,0.7469593346118927
MMKFPDV,-0.5462082624435425,-3.2998547554016118,0.5714285714285714,0.5714285714285714,0.8361210823059082,0.6861210525035858
YRMPATN,2.002581834793091,-3.861142158508301,0.5714285714285714,0.2857142857142857,1.0718104839324951,0.9218104541301728
KCFRCLN,-4.818038940429688,0.527764081954956,0.7142857142857143,0.4285714285714285,0.7405311465263367,0.6405311614274979
IYQRPAI,0.0718442574143409,-1.8781629800796509,0.5714285714285714,0.4285714285714285,1.05484938621521,0.9048493564128876
NYCDPVI,-4.253352165222168,-0.0108187887817621,0.5714285714285714,0.4285714285714285,0.7497841119766235,0.5997840970754623
QYQCDNC,-3.783081293106079,-0.2677657306194305,0.8571428571428571,0.4285714285714285,0.777361273765564,0.7273613035678863
YNGDYEH,-1.5791597366333008,-2.04428768157959,0.7142857142857143,0.4285714285714285,0.8472378253936768,0.7472377955913544
VYSWGND,-3.3757362365722656,-0.0607625283300876,0.5714285714285714,0.4285714285714285,0.8458037972450256,0.6958037972450256
AAHKFHG,-0.130024254322052,-1.2639589309692385,0.7142857142857143,0.4285714285714285,1.0952773094177246,0.995277339220047
YPKRHLN,-2.916165828704834,-0.0588066205382347,0.5714285714285714,0.4285714285714285,0.8990007042884827,0.7490007042884826
TLFRPNS,-0.05961849167943,-1.4041744470596311,0.5714285714285714,0.2857142857142857,1.0888526439666748,0.9388526737689972
THHKVEP,0.7667799592018127,-2.783947467803955,0.5714285714285714,0.2857142857142857,1.0410350561141968,0.8910350859165191
PHARAGE,1.0516502857208252,-3.592188835144043,0.7142857142857143,0.2857142857142857,0.9900524616241456,0.8900524914264679
YAHLATG,0.932887315750122,-2.308952569961548,0.5714285714285714,0.4285714285714285,1.1094563007354736,0.9594562411308288
YMTKQED,0.5576512813568115,-2.6007769107818604,0.7142857142857143,0.4285714285714285,1.0359187126159668,0.935918653011322
VHHKQNT,0.2832055985927582,-0.62623131275177,0.7142857142857143,0.4285714285714285,1.209073543548584,1.0
YYRRHQN,-3.8107118606567374,0.7560459971427917,0.5714285714285714,0.2857142857142857,0.8803659081459045,0.7303659081459045
YFNRAAE,0.4632488191127777,-1.446602702140808,0.7142857142857143,0.2857142857142857,1.1447449922561646,1.0
THSFSNN,0.2879402339458465,-2.9565768241882324,0.4285714285714285,0.2857142857142857,0.9679137468338012,0.7679137170314789
KHHKDNP,-1.1581566333770752,0.2340292930603027,0.7142857142857143,0.2857142857142857,1.132093906402588,1.0
LHSKSEQ,0.8048524260520935,-1.904865026473999,0.4285714285714285,0.2857142857142857,1.1366046667099,0.9366046667099
YVRKGTE,1.2096470594406128,-0.96331387758255,0.4285714285714285,0.2857142857142857,1.2809410095214844,1.0
YHQRDVS,1.1029866933822632,-1.9458553791046145,0.5714285714285714,0.2857142857142857,1.166731595993042,1.0
YHHGNNR,-0.5972405672073364,-0.2277443706989288,0.5714285714285714,0.2857142857142857,1.148878812789917,0.998878812789917
YYIRSEN,-1.3919531106948853,1.8299721479415891,0.5714285714285714,0.2857142857142857,1.2706670761108398,1.0
WAKRGPT,-1.5282797813415527,-0.8955712914466858,0.5714285714285714,0.4285714285714285,0.9722509384155272,0.8222509086132049
YVAVKNE,1.6446077823638916,-2.739255666732788,0.7142857142857143,0.5714285714285714,1.146894931793213,1.0
TRTRANI,-4.031923294067383,-1.243699312210083,0.7142857142857143,0.5714285714285714,0.6474419236183167,0.5474419385194779
YYSKSED,0.5159046649932861,-0.9554662108421326,0.4285714285714285,0.2857142857142857,1.2017580270767212,1.0
WHFRSNG,-1.4679677486419678,0.4516156017780304,0.5714285714285714,0.2857142857142857,1.1189372539520264,0.9689371943473816
YSHPQTG,1.2214471101760864,-2.067457675933838,0.5714285714285714,0.2857142857142857,1.167778730392456,1.0
YYHGSHG,-0.5260893702507019,-1.6404986381530762,0.5714285714285714,0.4285714285714285,1.0105512142181396,0.8605511546134949
QHVKHSE,1.5264389514923096,-2.059524774551392,0.7142857142857143,0.4285714285714285,1.203770875930786,1.0
YYGRVEV,-1.3748764991760254,0.7262610197067261,0.7142857142857143,0.4285714285714285,1.158158302307129,1.0
IGTRGGG,2.314577579498291,-3.6723599433898926,0.7142857142857143,0.4285714285714285,1.1273679733276367,1.0
YYHQKNN,-0.1191571354866027,-0.9599184393882751,0.5714285714285714,0.1428571428571428,1.128065824508667,0.9780658543109894
HGEKSIN,0.5928321480751038,-2.7412350177764893,0.5714285714285714,0.4285714285714285,1.0254069566726685,0.875406926870346
KYHNSSG,1.8534671068191528,-1.475111484527588,0.2857142857142857,0.4285714285714285,1.302097201347351,1.0
YHWRHEE,-1.4850863218307495,-0.4608700573444366,0.7142857142857143,0.2857142857142857,1.0223193168640137,0.9223192572593688
YYKRSAE,0.0151358405128121,0.39714515209198,0.5714285714285714,0.1428571428571428,1.2843074798583984,1.0
AFHQAQI,-0.2240555882453918,-3.9057810306549072,0.7142857142857143,0.4285714285714285,0.810421884059906,0.710421884059906
YFHKNIS,-0.6908121109008789,-0.0263404417783021,0.7142857142857143,0.2857142857142857,1.1589787006378174,1.0
YHHKHME,0.6803244352340698,-0.7642968893051147,0.7142857142857143,0.1428571428571428,1.2405459880828855,1.0
YRSKNYD,0.5133568644523621,-0.7207275032997131,0.5714285714285714,0.4285714285714285,1.2258116006851196,1.0
TAARHYE,0.4983606934547424,-2.8929591178894043,0.7142857142857143,0.4285714285714285,0.9987762570381165,0.8987762570381165
YKHGIMY,-1.0978606939315796,-0.9964889287948608,0.5714285714285714,0.4285714285714285,1.01141619682312,0.8614161968231201
YRGWPEN,-1.7989228963851929,0.1079179346561431,0.7142857142857143,0.5714285714285714,1.0451253652572632,0.9451253652572632
HYRRPVS,-4.182432174682617,0.3370675444602966,0.5714285714285714,0.4285714285714285,0.7940452098846436,0.6440452098846435
TYTRDIN,0.341986209154129,0.7710122466087341,0.5714285714285714,0.2857142857142857,1.3607752323150637,1.0
YVWRSSE,-1.5636861324310305,1.8752679824829104,0.7142857142857143,0.2857142857142857,1.2555623054504397,1.0
YVDRAHE,0.9444841146469116,-2.889882326126098,0.5714285714285714,0.4285714285714285,1.0505388975143433,0.9005388975143432
SKHKSAP,-2.4541797637939453,0.1696717292070388,0.5714285714285714,0.4285714285714285,0.9759713411331176,0.8259713411331177
YHTRHNN,-0.3669041097164154,-0.0219275448471307,0.4285714285714285,0.2857142857142857,1.1967869997024536,0.9967869997024535
YWHMSEN,-2.8625264167785645,1.2342346906661987,0.5714285714285714,0.2857142857142857,1.0393016338348389,0.8893015742301941
YYPKASG,1.460073709487915,-1.428301453590393,0.5714285714285714,0.4285714285714285,1.261589288711548,1.0
FWREHGD,-1.3216331005096436,-1.3226985931396484,0.7142857142857143,0.5714285714285714,0.9517776966094972,0.8517776668071747
YHSKSVN,2.208559513092041,-0.766244113445282,0.4285714285714285,0.2857142857142857,1.416568160057068,1.0
PHVRHQT,-0.0548585876822471,-1.2755963802337646,0.7142857142857143,0.4285714285714285,1.1027379035949707,1.0
AMRKANY,-2.804049015045166,-0.1235134229063987,0.7142857142857143,0.5714285714285714,0.9052177667617798,0.8052177369594574
HYHAANG,0.8733640909194946,-1.810697317123413,0.4285714285714285,0.4285714285714285,1.1542720794677734,0.9542720496654512
YWHCSYE,-4.124355316162109,1.2492815256118774,0.7142857142857143,0.2857142857142857,0.8953578472137451,0.7953578770160675
YWHHAHF,-2.3993656635284424,0.6581262350082397,0.7142857142857143,0.4285714285714285,1.0329551696777344,0.932955139875412
YGRKNVP,-1.3802411556243896,-0.3919767439365387,0.5714285714285714,0.4285714285714285,1.0415549278259275,0.8915548682212829
MVHKEAA,1.479870319366455,-4.436076641082764,0.7142857142857143,0.5714285714285714,0.9519026279449464,0.8486540462821722
YHHKAVD,2.176471710205078,-0.9266071319580078,0.5714285714285714,0.2857142857142857,1.3962349891662598,1.0
YSHKVMV,1.034055233001709,-0.0047963610850274,0.5714285714285714,0.2857142857142857,1.3601115942001345,1.0
YWFKRVE,-2.2123570442199707,0.3824984431266784,0.7142857142857143,0.4285714285714285,1.0259311199188232,0.9259310901165008
VNSRVQL,1.8007646799087524,-2.549537420272827,0.5714285714285714,0.2857142857142857,1.184579372406006,1.0
QHSRSIN,0.957801103591919,-1.112994909286499,0.5714285714285714,0.2857142857142857,1.236375093460083,1.0
YGHRSMS,0.2896063923835754,0.6481174826622009,0.5714285714285714,0.0,1.341988444328308,1.0
CWSRHNS,-3.826244115829468,-0.0054270839318633,0.7142857142857143,0.1428571428571428,0.7995941638946533,0.6995941638946533
QHHRTHN,-0.5164889097213745,-0.332808256149292,0.5714285714285714,0.2857142857142857,1.1472930908203125,0.9972931504249573
AMSRDTE,0.0906996130943298,-5.37534761428833,0.7142857142857143,0.2857142857142857,0.6942921280860901,0.5618168901652097
YYSRYEC,-3.7990875244140634,0.608502209186554,0.7142857142857143,0.2857142857142857,0.8664029836654663,0.7664030134677887
WFSRATI,-2.326004266738892,-0.1778821051120758,0.7142857142857143,0.1428571428571428,0.9547029733657836,0.8547029435634613
QNHRWAN,-1.5407099723815918,-1.0901151895523071,0.7142857142857143,0.2857142857142857,0.9506392478942872,0.8506392478942871
HVHRWTF,-3.9847023487091056,0.1122388988733291,0.5714285714285714,0.4285714285714285,0.7935264110565186,0.6435263961553573
VYHRRTA,-2.6030642986297607,1.2577216625213623,0.5714285714285714,0.1428571428571428,1.0716567039489746,0.9216567635536194
YHHRPPK,-2.594589233398437,0.715015709400177,0.7142857142857143,0.2857142857142857,1.0163440704345703,0.9163440704345704
VYHRSER,-0.9200270175933838,1.902074098587036,0.4285714285714285,0.2857142857142857,1.3325645923614502,1.0
KKSRNVL,-3.2696101665496826,-0.1061455234885215,0.7142857142857143,0.4285714285714285,0.8533342480659485,0.7533342480659485
CYHKKVA,-3.9797096252441406,0.8488467931747437,0.5714285714285714,0.2857142857142857,0.870503842830658,0.7205038279294967
THRKNCN,-4.763532638549805,0.3407618999481201,0.5714285714285714,0.2857142857142857,0.7274203300476074,0.5774203449487686
DAHRGES,1.1315680742263794,-3.8335700035095215,0.7142857142857143,0.2857142857142857,0.9742317199707032,0.8742317199707031
YEHRANQ,0.6988464593887329,-1.3642354011535645,0.5714285714285714,0.2857142857142857,1.180455446243286,1.0
MASRHNN,1.2955793142318726,-2.359731912612915,0.7142857142857143,0.2857142857142857,1.1460121870040894,1.0
YPQHRNQ,0.5341978669166565,-2.1138124465942383,0.7142857142857143,0.4285714285714285,1.0837225914001465,0.9837225914001464
FNRLNWE,-1.1396456956863403,-0.4611332714557647,0.5714285714285714,0.5714285714285714,1.0621254444122314,0.9121255040168762
ASHRPNN,1.175007700920105,-2.331519603729248,0.7142857142857143,0.1428571428571428,1.1350350379943848,1.0
YWHRYKT,-3.91139554977417,0.7798417806625366,0.7142857142857143,0.4285714285714285,0.871224045753479,0.7712240159511566
CAHRSEY,-3.732329845428467,-0.4795807898044586,0.7142857142857143,0.2857142857142857,0.7612438797950745,0.6612438797950745
HRHENEN,0.1929143667221069,-2.6706502437591557,0.7142857142857143,0.2857142857142857,0.9866126775741576,0.8866126775741577
LCSRAQW,-3.387580633163452,0.6447067260742188,0.7142857142857143,0.4285714285714285,0.917609930038452,0.8176099598407746
IHHRNNT,0.1468804329633712,-0.7026928067207336,0.7142857142857143,0.1428571428571428,1.1854228973388672,1.0
QSRRFES,-0.6040468215942383,-2.006849527359009,0.7142857142857143,0.4285714285714285,0.9635633230209352,0.8635633528232575
AHRRFAH,-3.70072078704834,-0.0935268700122833,0.5714285714285714,0.4285714285714285,0.8049306869506836,0.654930716753006
DPHRGVN,1.305342435836792,-3.153989315032959,0.4285714285714285,0.4285714285714285,1.0647568702697754,0.8647568255662919
YYGRLNF,-2.6674342155456543,0.3400423526763916,0.7142857142857143,0.2857142857142857,0.9690515995025636,0.8690515995025635
WHHRNND,-0.3328213095664978,-1.383718490600586,0.7142857142857143,0.1428571428571428,1.059470772743225,0.9594707727432252
IHHRHNG,0.3418781161308288,0.0198348388075828,0.7142857142857143,0.0,1.2828497886657717,1.0
IMHRLNT,0.1957362741231918,-0.8086445331573486,0.7142857142857143,0.2857142857142857,1.1800671815872192,1.0
YYHKDMF,-1.1967713832855225,-0.7792656421661377,0.5714285714285714,0.2857142857142857,1.0225411653518677,0.8725411653518677
LYHRFAW,-4.471454620361328,0.3227047324180603,0.7142857142857143,0.2857142857142857,0.7592276334762573,0.6592276185750962
KFHRAKI,-3.2094109058380127,0.1276451051235199,0.5714285714285714,0.4285714285714285,0.884524941444397,0.734524941444397
YYHRFFM,-3.922902584075928,-0.2416109889745712,0.7142857142857143,0.2857142857142857,0.7639510035514832,0.663950988650322
IYHRHSN,-0.7720863223075867,0.7043823003768921,0.5714285714285714,0.1428571428571428,1.225398063659668,1.0
GYHKSTD,1.4952770471572876,-1.278902888298035,0.2857142857142857,0.4285714285714285,1.2811444997787476,1.0
YQHRDIA,1.9194105863571167,-2.966249465942383,0.7142857142857143,0.2857142857142857,1.1550389528274536,1.0
ILHRSEE,1.1884512901306152,-1.1959178447723389,0.7142857142857143,0.4285714285714285,1.2543710470199585,1.0
IHHRSGN,0.1270825266838073,0.0602203868329525,0.5714285714285714,0.1428571428571428,1.2622700929641724,1.0
YYHRVNE,-0.7011647820472717,0.6525102853775024,0.7142857142857143,0.1428571428571428,1.2281959056854248,1.0
FFHRRVL,-4.742362976074219,1.0069013833999634,0.7142857142857143,0.2857142857142857,0.7989541292190552,0.6989541590213776
FHRRSHI,-3.440993070602417,0.8100060224533081,0.5714285714285714,0.4285714285714285,0.9285959005355836,0.7785958707332611
YQHRGAD,1.6614567041397097,-2.266050100326538,0.5714285714285714,0.1428571428571428,1.1979191303253174,1.0
HAHRKNI,-3.2738099098205566,0.2536549568176269,0.8571428571428571,0.4285714285714285,0.8901687860488892,0.8401688158512115
TFHRATR,-4.664249897003174,0.7839320302009583,0.5714285714285714,0.2857142857142857,0.7848349809646606,0.6348349511623382
YTHRGYS,-1.5172702074050903,0.1978386491537094,0.7142857142857143,0.2857142857142857,1.0869300365447998,0.9869300961494446
QYHKNEN,0.9982858300209044,-1.6337883472442627,0.5714285714285714,0.1428571428571428,1.1870262622833252,1.0
FRKRSRE,-3.001306295394897,1.0516357421875,0.7142857142857143,0.4285714285714285,1.004359245300293,0.9043591856956482
NSRVDDD,0.342043399810791,-3.558408260345459,0.5714285714285714,0.4285714285714285,0.91172993183136,0.7617299169301986
YHREQIW,-0.3929008841514587,0.1371865421533584,0.5714285714285714,0.1428571428571428,1.2102926969528198,1.0
YSHRPPV,1.3311113119125366,-1.1497371196746826,0.4285714285714285,0.2857142857142857,1.275611400604248,1.0
YLSRSTE,1.3942917585372925,-1.5517748594284058,0.5714285714285714,0.2857142857142857,1.241197109222412,1.0
GKPVSRY,-2.426896333694458,-0.7980419993400574,0.7142857142857143,0.4285714285714285,0.8787452578544617,0.7787452578544617
YMSRSHQ,-0.1696382910013198,-0.3035301566123962,0.7142857142857143,0.0,1.1903259754180908,1.0
VNSRPPE,1.3201912641525269,-4.608632564544678,0.5714285714285714,0.2857142857142857,0.9155920147895812,0.7569741237908602
YPSRENL,1.2538913488388062,-4.018524646759033,0.7142857142857143,0.1428571428571428,0.9691534042358398,0.8691534191370011
YHHNDSR,-0.0082842633128166,-1.5702582597732544,0.7142857142857143,0.2857142857142857,1.0775458812713623,0.9775458216667176
VYHRPAM,-0.0186977423727512,-0.0832932814955711,0.5714285714285714,0.2857142857142857,1.230574369430542,1.0
YHRRFGT,-3.8636574745178223,1.2386856079101562,0.5714285714285714,0.2857142857142857,0.9243205189704896,0.7743205338716507
QYSRMMK,-4.471552848815918,0.9078953862190248,0.5714285714285714,0.4285714285714285,0.8199129104614258,0.6699128955602646
VYHRLKW,-3.998857975006104,0.2986809015274048,0.5714285714285714,0.4285714285714285,0.8112320303916931,0.6612320303916931
FVHRDHQ,0.5967166423797607,-2.102170944213867,0.7142857142857143,0.2857142857142857,1.0921392440795898,0.9921393036842346
MTHRPEN,0.9431112408638,-2.954462766647339,0.7142857142857143,0.4285714285714285,1.0436822175979614,0.9436822474002838
YHRSQVA,1.0351568460464478,0.2606939077377319,0.5714285714285714,0.4285714285714285,1.3877755403518677,1.0
IHHRLNN,-0.0360539369285106,0.3108224272727966,0.5714285714285714,0.1428571428571428,1.269451141357422,1.0
HGSRESS,0.608852207660675,-3.663423538208008,0.7142857142857143,0.5714285714285714,0.931604027748108,0.8316039979457855
YSHRNQN,1.4046343564987185,-0.8921283483505249,0.4285714285714285,0.1428571428571428,1.3108088970184326,1.0
DYHRIEG,1.2325499057769775,-2.568897485733032,0.5714285714285714,0.2857142857142857,1.117049217224121,0.9670492768287658
YLHRDNM,0.2637391984462738,-1.4654555320739746,0.7142857142857143,0.2857142857142857,1.119783639907837,1.0
YLSRGRH,-4.404219627380371,0.5451570153236389,0.7142857142857143,0.2857142857142857,0.7900536060333252,0.690053591132164
SSHRFNV,0.1904355883598327,-1.889602541923523,0.4285714285714285,0.4285714285714285,1.0673378705978394,0.867337840795517
HMHREEV,1.4200026988983154,-3.052159309387207,0.7142857142857143,0.4285714285714285,1.0885404348373413,0.9885404795408248
VHSRPVE,2.228312730789185,-2.022082567214966,0.5714285714285714,0.1428571428571428,1.2885891199111938,1.0
YYHRRFA,-3.5042073726654053,0.7148450613021851,0.7142857142857143,0.0,0.9114362597465516,0.8114362597465515
YHHRDEE,1.3508009910583496,-1.494982123374939,0.7142857142857143,0.1428571428571428,1.2420727014541626,1.0
YYHRSVG,-0.9227088689804076,0.9068307876586914,0.5714285714285714,0.1428571428571428,1.2290276288986206,1.0
EKHRIVN,-0.3873158991336822,-1.3613582849502563,0.5714285714285714,0.4285714285714285,1.0555061101913452,0.9055061101913452
YYSRASH,-1.1184558868408203,0.2067332863807678,0.7142857142857143,0.1428571428571428,1.133840799331665,1.0
VYHKEDE,1.0487388372421265,-1.2698726654052734,0.5714285714285714,0.4285714285714285,1.230589747428894,1.0
RKSRCFN,-5.297706127166748,0.9844120740890504,0.7142857142857143,0.4285714285714285,0.7325836420059204,0.6325836643576622
VWSREQY,-1.7995346784591677,0.0076668793335556,0.5714285714285714,0.2857142857142857,1.034656643867493,0.8846566438674927
VQHRLEE,1.3877716064453125,-2.4851858615875244,0.7142857142857143,0.4285714285714285,1.143630862236023,1.0
IHHRPHD,0.0314397662878036,-0.7649151086807251,0.7142857142857143,0.4285714285714285,1.1656574010849,1.0
YCSRVTT,-3.267075061798096,-0.0396643839776515,0.7142857142857143,0.4285714285714285,0.8605220317840576,0.76052206158638
FAHRMAW,-3.799109697341919,-0.0042408942244946,0.7142857142857143,0.2857142857142857,0.8028460741043091,0.7028460592031479
SRHYSNN,-0.058460172265768,-0.2467578798532486,0.5714285714285714,0.4285714285714285,1.2090346813201904,1.0
NTHRAYE,0.5025947093963623,-1.9049575328826904,0.7142857142857143,0.1428571428571428,1.101741075515747,1.0
YYHKKVA,-1.9850218296051023,0.1141865700483322,0.5714285714285714,0.1428571428571428,1.0243160724639893,0.8743161022663116
HGHRSEK,-1.8535966873168943,0.8503072261810303,0.7142857142857143,0.2857142857142857,1.1158220767974854,1.0
YHHRDNS,0.6845926642417908,-1.1465188264846802,0.5714285714285714,0.0,1.2013936042785645,1.0
YGHRITF,-1.7661879062652588,0.0730431750416755,0.5714285714285714,0.1428571428571428,1.0452828407287598,0.8952829003334045
DNARSRA,0.3006608188152313,-2.4378912448883057,0.7142857142857143,0.4285714285714285,1.0231791734695437,0.9231791436672212
YMHRIVV,-2.102912664413452,-0.4811496138572693,0.7142857142857143,0.2857142857142857,0.9489729404449464,0.8489729404449463
YFHRLNF,-3.0613327026367188,0.6192394495010376,0.7142857142857143,0.1428571428571428,0.9525887966156006,0.852588826417923
YFHRMME,-2.3192808628082275,-0.5194786190986633,0.7142857142857143,0.0,0.9200474619865416,0.8200474619865418
YMRRVSR,-3.9855258464813232,0.2157802879810333,0.7142857142857143,0.4285714285714285,0.8041708469390869,0.7041708171367645
NTHRMTG,2.0487520694732666,-2.4837687015533447,0.5714285714285714,0.2857142857142857,1.2199970483779907,1.0
AEHRMNT,0.7878661751747131,-3.4511308670043945,0.7142857142857143,0.2857142857142857,0.9742656946182252,0.8742656648159027
LIHRGVT,1.008004903793335,-2.045408248901367,0.4285714285714285,0.4285714285714285,1.1454533338546753,0.9454533636569976
IEHRLNG,1.647329330444336,-3.0109519958496094,0.5714285714285714,0.2857142857142857,1.119028091430664,0.9690280765295028
FRHRSAT,-3.878800392150879,0.2608759701251983,0.5714285714285714,0.2857142857142857,0.8211549520492554,0.6711549818515777
ESRVCDN,-4.579840183258057,0.015857957303524,0.5714285714285714,0.2857142857142857,0.7149029970169067,0.5649029970169067
QTHRIRI,-3.899374723434448,-0.990509867668152,0.8571428571428571,0.4285714285714285,0.6889874935150146,0.6389874637126922
YHSRPNV,0.8423675894737244,-1.4108949899673462,0.5714285714285714,0.1428571428571428,1.1921656131744385,1.0
VTSRHPN,1.2407424449920654,-2.702629327774048,0.7142857142857143,0.2857142857142857,1.1041232347488403,1.0
ARHRNNT,-4.192057132720947,-0.6736206412315369,0.7142857142857143,0.2857142857142857,0.6881057024002075,0.5881056874990463
YAHRDAW,-0.573681652545929,-0.7416548132896423,0.7142857142857143,0.2857142857142857,1.098292112350464,0.998292112350464
YNSRSIN,2.442312240600586,-1.0728087425231934,0.5714285714285714,0.0,1.4117255210876465,1.0
HASRHMF,-1.2837005853652954,-0.9464989304542542,0.7142857142857143,0.2857142857142857,0.9951716661453248,0.8951716363430023
YYHRITG,-1.5763293504714966,0.2406668066978454,0.5714285714285714,0.2857142857142857,1.084562063217163,0.9345620036125184
PHHRLHN,-0.5410988926887512,-0.3037397861480713,0.5714285714285714,0.2857142857142857,1.147470235824585,0.9974702358245848
AEHRNVE,1.225714087486267,-3.403824806213379,0.7142857142857143,0.2857142857142857,1.0296615362167358,0.9296615511178972
HQHRKNS,-2.212775230407715,-0.0675392597913742,0.7142857142857143,0.4285714285714285,0.979204535484314,0.8792045056819916
RDHRLTF,-0.6589658856391907,-1.480784893035889,0.7142857142857143,0.1428571428571428,1.0117945671081543,0.9117945075035097
SGHRMHN,-0.1594750434160232,-1.1402660608291626,0.7142857142857143,0.4285714285714285,1.104710817337036,1.0
VHMRLNS,0.193517118692398,-0.8821718096733093,0.5714285714285714,0.4285714285714285,1.172184944152832,1.0
YYSRGHT,-1.394577980041504,0.2528256475925445,0.7142857142857143,0.2857142857142857,1.106781244277954,1.0
YHHRPNF,-0.838475227355957,0.5591602325439453,0.5714285714285714,0.2857142857142857,1.2026801109313965,1.0
YHHRGNN,0.3475673794746399,1.4248273372650146,0.4285714285714285,0.1428571428571428,1.4292330741882324,1.0
VTHRSHN,0.2316849380731582,-1.085532307624817,0.5714285714285714,0.2857142857142857,1.1554934978485107,1.0
YYHRAYA,-2.5064291954040527,0.8255435824394226,0.5714285714285714,0.2857142857142857,1.0379741191864014,0.8879740595817566
YWHRSAH,-2.9820570945739746,1.920000910758972,0.7142857142857143,0.2857142857142857,1.0966465473175049,0.9966465771198272
YYHKASH,-0.3677585422992706,-0.0746528431773185,0.5714285714285714,0.2857142857142857,1.1912198066711426,1.0
PHHRHIN,-1.0161957740783691,-0.7212362885475159,0.5714285714285714,0.2857142857142857,1.0493826866149902,0.8993826568126678
AFSRATF,-1.4192200899124146,-1.2050631046295166,0.7142857142857143,0.4285714285714285,0.9527260065078736,0.8527259767055512
YYHRVEG,-0.4211374819278717,0.9021872878074646,0.5714285714285714,0.2857142857142857,1.2863833904266355,1.0
YYHRSQN,-1.0289671421051023,1.520455837249756,0.4285714285714285,0.1428571428571428,1.2804205417633057,1.0
FDHRLSS,0.7415811419487,-2.5238499641418457,0.7142857142857143,0.4285714285714285,1.065106987953186,0.9651069581508636
ADHRSEN,0.321920096874237,-2.995721340179444,0.7142857142857143,0.2857142857142857,0.9677718877792358,0.8677719026803971
FMHRTHA,-0.318046897649765,-0.3637117445468902,0.7142857142857143,0.2857142857142857,1.1669704914093018,1.0
YSHRRHN,-2.928838968276977,1.1131744384765625,0.5714285714285714,0.1428571428571428,1.0190984010696411,0.8690984308719635
MNHRQKN,-2.394892454147339,-0.4557954668998718,0.7142857142857143,0.4285714285714285,0.9179338216781616,0.817933851480484
VVHRLND,0.6942083835601807,-0.4979897141456604,0.7142857142857143,0.2857142857142857,1.269768476486206,1.0
RYHRSHW,-4.405004978179932,0.998602569103241,0.5714285714285714,0.4285714285714285,0.8369948863983154,0.686994856595993
HYHRVEE,0.5541779398918152,-0.981041669845581,0.7142857142857143,0.2857142857142857,1.2035187482833862,1.0
MFHRSQN,0.4891412854194641,0.1510027647018432,0.5714285714285714,0.2857142857142857,1.3134360313415527,1.0
VYHRIHN,-0.34162238240242,0.1722518652677536,0.5714285714285714,0.1428571428571428,1.2198426723480225,1.0
DYHRANE,0.6823683381080627,-1.6935850381851196,0.7142857142857143,0.2857142857142857,1.144394874572754,1.0
YYHRSNF,-1.4621323347091677,1.2062994241714478,0.5714285714285714,0.1428571428571428,1.1978867053985596,1.0
YYHRSNQ,-1.2950923442840576,1.3005563020706177,0.5714285714285714,0.1428571428571428,1.2269247770309448,1.0
YYSRTTH,-1.6157156229019165,-0.0906826555728912,0.5714285714285714,0.2857142857142857,1.0456523895263672,0.8956523597240448
GYSRMWE,-1.8589000701904297,0.9381685256958008,0.7142857142857143,0.4285714285714285,1.1243236064910889,1.0
TASRSNT,1.2606382369995115,-3.3205983638763428,0.7142857142857143,0.2857142857142857,1.042320966720581,0.9423210114240648
YGHRPNG,2.3388071060180664,-1.0014662742614746,0.5714285714285714,0.2857142857142857,1.4071898460388184,1.0
YHRALSG,1.0903009176254272,0.3257718682289123,0.5714285714285714,0.4285714285714285,1.4008842706680298,1.0
YIHRHGY,-2.0666751861572266,0.6060872077941895,0.7142857142857143,0.2857142857142857,1.0659208297729492,0.9659208595752716
YYHRNEP,-1.329413652420044,0.7496799230575562,0.5714285714285714,0.2857142857142857,1.1658297777175903,1.0
VQHRGEN,1.2282756567001345,-2.491576194763184,0.5714285714285714,0.2857142857142857,1.124576210975647,0.9745762407779692
YYHRNVN,-1.2240909337997437,0.866735577583313,0.5714285714285714,0.1428571428571428,1.1901158094406128,1.0
IYAKRLN,-2.819167375564575,0.5159486532211304,0.5714285714285714,0.4285714285714285,0.969800055027008,0.819800055027008
YHHRSME,1.3051283359527588,-0.7302170395851135,0.5714285714285714,0.2857142857142857,1.3161282539367676,1.0
VYSRLND,0.2372054606676101,4.265900135040283,0.5714285714285714,0.2857142857142857,1.7111860513687134,1.0
HYHKSAP,1.0425206422805786,0.2552973926067352,0.4285714285714285,0.2857142857142857,1.3880648612976074,1.0
HDHRVEQ,0.6654573678970337,-3.850813150405884,0.7142857142857143,0.5714285714285714,0.9186949729919434,0.818694943189621
MYHRSWE,-1.4228273630142212,1.394749879837036,0.5714285714285714,0.2857142857142857,1.2219653129577637,1.0
YHHRAHP,-0.515105664730072,0.1243845149874687,0.7142857142857143,0.1428571428571428,1.1948730945587158,1.0
IHHRSVW,-1.7993535995483398,-0.0166069772094488,0.5714285714285714,0.2857142857142857,1.0321598052978516,0.8821598649024963
YVHRSAE,1.6395303010940552,0.0197317693382501,0.7142857142857143,0.1428571428571428,1.4324743747711182,1.0
AYHRSYE,-0.712037205696106,1.4675341844558716,0.5714285714285714,0.2857142857142857,1.3114774227142334,1.0
WAHRNHS,-1.201695203781128,-0.1670105010271072,0.7142857142857143,0.4285714285714285,1.0854771137237549,0.9854771137237548
GFHRSGF,-0.4708839356899261,-0.9720728397369384,0.5714285714285714,0.4285714285714285,1.0862467288970947,0.9362467586994172
YVHRAQE,1.5222235918045044,-0.040984284132719,0.7142857142857143,0.1428571428571428,1.4126498699188232,1.0
HQHRSNS,0.3175317943096161,0.122664675116539,0.7142857142857143,0.2857142857142857,1.290708065032959,1.0
YHHRHSA,0.06720632314682,0.7866978049278259,0.7142857142857143,0.1428571428571428,1.330716609954834,1.0
YHHRSYE,0.4820923209190368,-0.2077146023511886,0.5714285714285714,0.1428571428571428,1.275416612625122,1.0
YHRRNIN,-2.79974365234375,0.7358050346374512,0.4285714285714285,0.2857142857142857,0.9948434829711914,0.7948435127735138
YSSRMEF,0.0529941916465759,-1.0773155689239502,0.7142857142857143,0.4285714285714285,1.1357403993606567,1.0
FYHRSAN,-1.0103600025177002,0.7747379541397095,0.5714285714285714,0.2857142857142857,1.2052195072174072,1.0
YHHRSAE,1.1239386796951294,0.2409037053585052,0.5714285714285714,0.1428571428571428,1.395960569381714,1.0
YWHRSNG,-1.8465423583984373,2.048928737640381,0.5714285714285714,0.2857142857142857,1.2409578561782837,1.0
YVHRFNE,-0.3677117824554443,0.3825438320636749,0.7142857142857143,0.2857142857142857,1.2386460304260254,1.0
YPHRIYA,-1.650857925415039,0.4402274191379547,0.7142857142857143,0.2857142857142857,1.0966665744781494,0.9966665148735048
AMHRVTT,1.1591510772705078,-2.3179938793182373,0.7142857142857143,0.4285714285714285,1.1346094608306885,1.0
PYHRDNE,0.5627814531326294,-1.0916955471038818,0.7142857142857143,0.1428571428571428,1.1930336952209473,1.0
YHSRDAP,1.3827794790267944,-2.5351831912994385,0.7142857142857143,0.4285714285714285,1.1378694772720337,1.0
HNHRAPE,0.7489840388298035,-2.038686037063598,0.7142857142857143,0.2857142857142857,1.1162822246551514,1.0
NDHRREW,-0.604810893535614,-1.142621636390686,0.7142857142857143,0.4285714285714285,1.0531139373779297,0.9531138777732848
YHHRVLW,-2.750215768814087,0.0373246222734451,0.7142857142857143,0.2857142857142857,0.9281076192855836,0.8281076192855835
YYHRSYE,-0.7339568138122559,0.6476991176605225,0.5714285714285714,0.2857142857142857,1.2239155769348145,1.0
THHRNEA,0.819421648979187,-2.3066213130950928,0.7142857142857143,0.2857142857142857,1.096614122390747,0.9966140925884248
GHHRKNN,-2.8346176147460938,0.5967395305633545,0.5714285714285714,0.1428571428571428,0.9763981103897096,0.8263981103897095
YNHRSKN,-2.816270589828491,0.0817295685410499,0.5714285714285714,0.2857142857142857,0.9250963926315308,0.7750964224338531
QHHRNHQ,-0.8551018238067627,-0.3794359266757965,0.7142857142857143,0.4285714285714285,1.103410720825195,1.0
YYHKPNE,0.0553649105131626,-0.4808894693851471,0.5714285714285714,0.1428571428571428,1.197875738143921,1.0
YYHKVEN,-0.2089302092790603,-0.1963879168033599,0.5714285714285714,0.1428571428571428,1.1969081163406372,1.0
AYHRSEA,0.9876155853271484,-0.1353847980499267,0.5714285714285714,0.2857142857142857,1.3412117958068848,1.0
YYHRNVW,-2.410255193710327,0.6654919981956482,0.7142857142857143,0.2857142857142857,1.032463312149048,0.9324633717536926
YHHRHNS,-0.5720037817955017,0.1692904233932495,0.5714285714285714,0.1428571428571428,1.192969799041748,1.0
YKSRSEN,0.3564055263996124,0.1215835735201835,0.5714285714285714,0.2857142857142857,1.2950785160064695,1.0
VHSRSSG,1.5742404460906982,-0.7889309525489807,0.5714285714285714,0.1428571428571428,1.3410704135894775,1.0
YYHRTAF,-2.023857831954956,0.2198612689971923,0.5714285714285714,0.2857142857142857,1.0307984352111816,0.880798465013504
YSHRTAV,1.1910548210144043,-0.2113056033849716,0.5714285714285714,0.2857142857142857,1.3567962646484375,1.0
YHHRKTG,-2.286238431930542,1.2966690063476562,0.7142857142857143,0.1428571428571428,1.11223042011261,1.0
YYSRMYE,-1.2806116342544556,-0.5623169541358948,0.7142857142857143,0.2857142857142857,1.0353755950927734,0.9353755950927736
YKHRHNT,-2.5953190326690674,0.5276996493339539,0.7142857142857143,0.2857142857142857,0.9968312978744508,0.8968313276767731
YGSRSNN,2.4266064167022705,-0.4420375823974609,0.4285714285714285,0.1428571428571428,1.4753386974334717,1.0
ASHRTDP,0.8624359369277954,-3.886788845062256,0.5714285714285714,0.4285714285714285,0.937677562236786,0.7876775771379471
KYHKSVP,-2.5021979808807373,0.8188333511352539,0.4285714285714285,0.4285714285714285,1.0377659797668457,0.8377659797668457
IKHRSNA,-2.966521978378296,0.576558530330658,0.7142857142857143,0.2857142857142857,0.959094762802124,0.8590947926044464
YYHRSND,-0.3733210861682892,0.587036669254303,0.5714285714285714,0.1428571428571428,1.259209394454956,1.0
YHSRSAN,1.4446260929107666,0.1642481684684753,0.4285714285714285,0.1428571428571428,1.424988865852356,1.0
DYHRNNY,-0.8423367738723755,-0.661466658115387,0.7142857142857143,0.2857142857142857,1.0756300687789917,0.975630098581314
YAHRSTN,1.7278047800064087,0.7400683164596558,0.4285714285714285,0.2857142857142857,1.5173674821853638,1.0
MYHRSLE,0.5634366273880005,0.4537414908409118,0.5714285714285714,0.2857142857142857,1.3534035682678225,1.0
YNHRVQG,1.5761016607284546,-1.529882311820984,0.5714285714285714,0.2857142857142857,1.264432668685913,1.0
SLHRHLN,-0.7249998450279236,-0.4527774751186371,0.7142857142857143,0.2857142857142857,1.1108059883117676,1.0
VMHRSHN,0.1969858556985855,-0.6904746294021606,0.5714285714285714,0.2857142857142857,1.1924680471420288,1.0
AHHRSPF,-0.1334070116281509,0.4854018092155456,0.5714285714285714,0.2857142857142857,1.2763327360153198,1.0
GYHRSSN,0.4507203102111816,0.1061735525727272,0.5714285714285714,0.2857142857142857,1.3043558597564695,1.0
YIHRMNP,0.1882549077272415,-0.455047070980072,0.7142857142857143,0.2857142857142857,1.2158799171447754,1.0
WVHRGNE,0.6788171529769897,-0.8570387959480286,0.7142857142857143,0.2857142857142857,1.2307528257369995,1.0
YYHKPNQ,-0.2748289108276367,-0.4923414587974548,0.5714285714285714,0.2857142857142857,1.1586124897003174,1.0
VQSRNGI,2.489508390426636,-3.0681254863739014,0.5714285714285714,0.4285714285714285,1.2102116346359253,1.0
YHHRPQH,-0.5772750377655029,0.3935001194477081,0.7142857142857143,0.2857142857142857,1.2156171798706057,1.0
QYHRPTN,0.4387957453727722,0.2624031007289886,0.5714285714285714,0.2857142857142857,1.3191850185394287,1.0
ERHRHAE,-0.2801688313484192,-1.6554081439971924,0.4285714285714285,0.2857142857142857,1.0373623371124268,0.837362277507782
YHHRSNV,-0.0466467440128326,1.080885887145996,0.4285714285714285,0.1428571428571428,1.3481014966964722,1.0
YHHRMWT,-2.602717399597168,0.6405372619628906,0.7142857142857143,0.2857142857142857,1.0076818466186523,0.90768181681633
YAHRYYE,-0.3810086548328399,-0.0747856646776199,0.7142857142857143,0.2857142857142857,1.1896779537200928,1.0
KHHRSPN,-2.7726757526397705,1.4893487691879272,0.5714285714285714,0.1428571428571428,1.0761231184005735,0.926123148202896
YHSRTIN,0.6503921151161194,0.0904586017131805,0.5714285714285714,0.2857142857142857,1.325750470161438,1.0
SHHRGEN,0.8056570291519165,-2.126140594482422,0.4285714285714285,0.2857142857142857,1.1137464046478271,0.913746464252472
AYSRSIP,1.3622885942459106,1.1690438985824585,0.4285714285714285,0.2857142857142857,1.5197128057479858,1.0
YYHRNAD,-0.5259062051773071,0.2754208743572235,0.5714285714285714,0.1428571428571428,1.2092933654785156,1.0
TYHRNIW,-2.7532668113708496,1.2446750402450562,0.5714285714285714,0.2857142857142857,1.0529834032058716,0.902983433008194
YHHRFMD,-0.8899908065795898,-0.7442712783813477,0.5714285714285714,0.2857142857142857,1.0615464448928833,0.9115464448928832
SHRKSNG,-1.7227251529693604,0.7405046820640564,0.4285714285714285,0.4285714285714285,1.1195244789123535,0.9195244789123536
AIHRLAN,0.5469770431518555,-1.3573410511016846,0.7142857142857143,0.2857142857142857,1.1636581420898438,1.0
DTHRLLK,-1.3729572296142578,-0.79494708776474,0.7142857142857143,0.4285714285714285,1.0005983114242554,0.9005983412265778
YNHRKQG,-1.470323920249939,-0.7273751497268677,0.5714285714285714,0.1428571428571428,0.9963793754577636,0.8463793754577636
MYHRNFD,-1.262139081954956,-0.0216460190713405,0.7142857142857143,0.4285714285714285,1.0935845375061035,0.9935845375061036
YLHRDNG,0.97253155708313,-1.0003948211669922,0.7142857142857143,0.2857142857142857,1.249752640724182,1.0
VYHRMHP,-0.0689671859145164,-0.2658604085445404,0.4285714285714285,0.4285714285714285,1.2058417797088623,1.0
VVHRPPI,0.5621838569641113,-1.6494649648666382,0.7142857142857143,0.4285714285714285,1.1351122856140137,1.0
YKHRGPN,-2.925500869750977,1.0129289627075195,0.4285714285714285,0.2857142857142857,1.009085774421692,0.8090858042240143
HHSRHAA,0.2827569842338562,-0.3213168978691101,0.7142857142857143,0.4285714285714285,1.240647792816162,1.0
YMHRSVE,1.5052545070648191,-0.9406903982162476,0.7142857142857143,0.2857142857142857,1.3173747062683103,1.0
HYHRREN,-1.217337965965271,1.0585570335388184,0.7142857142857143,0.2857142857142857,1.2107903957366943,1.0
YHHRDVE,1.658026099205017,-1.2608176469802856,0.5714285714285714,0.1428571428571428,1.3017873764038086,1.0
YHSRSED,1.204561471939087,-0.3007082641124725,0.5714285714285714,0.2857142857142857,1.3490808010101318,1.0
YYHRFTN,-1.2390427589416504,0.6744035482406616,0.5714285714285714,0.1428571428571428,1.1684428453445437,1.0
TYHKNII,0.6220799088478088,0.6552383899688721,0.4285714285714285,0.2857142857142857,1.3810653686523438,1.0
YYHRWGT,-3.4341254234313965,1.2784980535507202,0.7142857142857143,0.2857142857142857,0.9779802560806274,0.8779802560806275
VHHRLAE,1.9626010656356807,-0.15692999958992,0.5714285714285714,0.1428571428571428,1.4514048099517822,1.0
AYHRSGP,0.7700861692428589,0.3069675862789154,0.4285714285714285,0.2857142857142857,1.3620092868804932,1.0
YYHKVKE,0.237431526184082,-0.561141848564148,0.5714285714285714,0.2857142857142857,1.210546374320984,1.0
HHHRSNE,-0.2831912338733673,1.1679141521453855,0.5714285714285714,0.2857142857142857,1.3298516273498535,1.0
YRHRANG,-2.486124277114868,0.2193981558084488,0.7142857142857143,0.2857142857142857,0.9774454832077026,0.8774454534053803
YNSRSIN,2.442312240600586,-1.0728087425231934,0.5714285714285714,0.0,1.4117255210876465,1.0
YVSRSVN,1.5248199701309204,0.0573557093739509,0.5714285714285714,0.0,1.4231492280960083,1.0
IHHRHNG,0.3418781161308288,0.0198348388075828,0.7142857142857143,0.0,1.2828497886657717,1.0
YHHRWTN,-1.014376163482666,0.1360711753368377,0.5714285714285714,0.0,1.1385133266448977,0.9885133266448974
HYSRSTE,0.5503601431846619,0.8473871350288391,0.5714285714285714,0.0,1.3927249908447266,1.0
YHSRSNN,1.2556569576263428,1.0195510387420654,0.2857142857142857,0.0,1.4919114112854004,1.0
YYHRTNE,-0.2153789699077606,0.537350594997406,0.5714285714285714,0.0,1.272268533706665,1.0
MHSRVYD,0.8958420157432556,-0.4527320265769958,0.7142857142857143,0.0,1.2977135181427002,1.0
YAHRGET,0.7007978558540344,-1.1673108339309692,0.5714285714285714,0.0,1.2011058330535889,1.0
YHHRSNA,0.3793265521526336,1.0933818817138672,0.4285714285714285,0.0,1.3985174894332886,1.0
AHHRAEE,1.484744429588318,-2.742102861404419,0.7142857142857143,0.0,1.128165364265442,1.0
YHHRSNS,-0.0952514037489891,1.3407269716262815,0.4285714285714285,0.0,1.3694477081298828,1.0
AAHRSED,1.424116134643555,-2.6110827922821045,0.7142857142857143,0.0,1.1347637176513672,1.0
LYHRHEK,-1.1156010627746582,0.5057100057601929,0.7142857142857143,0.0,1.165180206298828,1.0
YHHRDQD,1.092458963394165,-1.1904120445251465,0.5714285714285714,0.0,1.243872880935669,1.0
YSHRQTQ,0.4962408542633056,-0.6994175910949707,0.5714285714285714,0.0,1.226048231124878,1.0
YHHRSNN,0.1555439382791519,1.2076259851455688,0.2857142857142857,0.0,1.3845620155334473,1.0
YWHRNVN,-1.9009093046188357,1.4688509702682495,0.5714285714285714,0.0,1.1745223999023438,1.0
TFHRHNT,-0.5972480773925781,-0.7356557846069336,0.7142857142857143,0.0,1.0961968898773191,0.9961968302726746
YTHRVNS,0.6474592089653015,-0.3157423436641693,0.7142857142857143,0.0,1.283280611038208,1.0
YWHRSHL,-1.958825945854187,0.9861344695091248,0.7142857142857143,0.0,1.1177760362625122,1.0
YNHRPPS,1.371269702911377,-1.5159378051757812,0.5714285714285714,0.0,1.2422593832015991,1.0
YLSRGVG,1.9634759426116943,-3.0602481365203857,0.5714285714285714,0.0,1.1503705978393557,1.0
YAHRNYA,-0.9453186988830566,-0.1485161781311035,0.7142857142857143,0.0,1.116958737373352,1.0
YMHRSNP,0.1879536658525467,0.3059221506118774,0.5714285714285714,0.0,1.294773817062378,1.0
YYHRFAN,-1.8535128831863403,0.7399290800094604,0.7142857142857143,0.0,1.10438334941864,1.0
YVHRNEA,1.1095153093338013,-0.3886967599391937,0.5714285714285714,0.0,1.3289945125579834,1.0
YYHRDNE,-0.7809069752693176,0.2676658630371094,0.7142857142857143,0.0,1.179084300994873,1.0
YFHRGAT,-1.0607891082763672,0.2747166454792022,0.7142857142857143,0.0,1.1475417613983154,1.0
VHSRGVD,1.9854792356491089,-2.137803554534912,0.4285714285714285,0.0,1.2485847473144531,1.0
VYHRAAF,-1.24012291431427,1.2494831085205078,0.5714285714285714,0.0,1.227966070175171,1.0
YHRSMHS,-0.2396334856748581,0.3572555184364319,0.5714285714285714,0.0,1.2507920265197754,1.0
YRHRSNE,-1.2070415019989014,0.6919264793395996,0.5714285714285714,0.0,1.173950433731079,1.0
HAHRPGN,0.5188363790512085,-0.5221378207206726,0.7142857142857143,0.0,1.2470414638519287,1.0
YYHRDDV,-0.7855382561683655,0.4439038336277008,0.5714285714285714,0.0,1.1968297958374023,1.0
YYHRHGN,-1.944316267967224,0.7371870875358582,0.7142857142857143,0.0,1.093628168106079,0.9936281085014343
YHRRGVD,-0.0777750685811042,0.5204679369926453,0.2857142857142857,0.0,1.2863848209381104,1.0
EYSRGNE,0.2445616722106933,-0.6806556582450867,0.7142857142857143,0.0,1.198972463607788,1.0
FYHKHIG,-0.7026600241661072,-0.1199929341673851,0.5714285714285714,0.0,1.1478986740112305,0.9978987336158752
HIHRDMG,0.3211091756820678,-1.553926944732666,0.7142857142857143,0.0,1.117222785949707,1.0
VYHRIEN,0.3696853518486023,0.2556760907173157,0.5714285714285714,0.0,1.3105180263519287,1.0
EYSRSAN,1.10254168510437,-0.6710515022277832,0.5714285714285714,0.0,1.298904299736023,1.0
FWHRGNE,-0.6550276875495911,0.332226425409317,0.7142857142857143,0.0,1.2002959251403809,1.0
QHHRHNA,0.3142955601215362,-0.3295409977436065,0.7142857142857143,0.0,1.243431568145752,1.0
KLSRSEQ,0.244584172964096,-1.042992353439331,0.5714285714285714,0.0,1.161393165588379,1.0
YSHRGND,2.0381076335906982,-0.5432944297790527,0.5714285714285714,0.0,1.4200376272201538,1.0
YHHRSVN,0.1489394456148147,0.8620687127113342,0.4285714285714285,0.0,1.347959041595459,1.0
YGHRSEP,1.036440372467041,0.1404637843370437,0.5714285714285714,0.0,1.375453233718872,1.0
IHHRSNY,-0.8321020603179932,0.6949777007102966,0.5714285714285714,0.0,1.2175021171569824,1.0
VYHRITN,0.2456246167421341,1.6446199417114258,0.5714285714285714,0.0,1.440274953842163,1.0
YSRVIDN,1.0390774011611938,2.4341015815734863,0.4285714285714285,0.0,1.613655686378479,1.0
IHHRSNP,0.0270689949393272,-0.254796028137207,0.5714285714285714,0.0,1.2180635929107666,1.0
MYHKNNN,1.096898078918457,-0.3583429157733917,0.5714285714285714,0.0,1.3306879997253418,1.0
DYHRQNN,1.0907834768295288,-1.7100573778152466,0.7142857142857143,0.0,1.189781665802002,1.0
YYSRAQH,-1.1549824476242063,0.3337885737419128,0.5714285714285714,0.0,1.1428070068359375,0.9928070664405824
KDHRLTF,0.2688640058040619,-1.2590020895004272,0.7142857142857143,0.0,1.1417882442474363,1.0
YHHRLPL,-0.9997603893280028,0.79316246509552,0.5714285714285714,0.0,1.20835280418396,1.0
